投稿日時,曲名,アーティスト名,予測視聴数,信頼度,スケジュールモード,release_date,優先スコア,間隔調整
2025-12-17T18:00:00,マシュマロ,DECO*27,5987545,1.0,free,2025/11/22,0,無
2025-12-18T18:00:00,WATCH ME,天乃 リリサ・橘 美花莉,15961631,1.0,free,2024/12/19,0,無
2025-12-19T18:00:00,らしさ,Official髭男dism,7652729,1.0,free,2025/10/14,0,無
2025-12-20T18:00:00,SO BAD,King Gnu,12179568,1.0,free,2025/12/06,0,無
2025-12-21T18:00:00,アドベンチャー,YOASOBI,36005939,1.0,free,2024/05/03,0,無
2025-12-22T18:00:00,太陽が昇らない世界,Aimer,14561721,1.0,free,2025/10/12,0,無
2025-12-23T18:00:00,残酷な夜に輝け,LiSA,15570846,1.0,free,2025/09/21,0,無
2025-12-24T18:00:00,はちゃめちゃわちゃライフ！,FRUITS ZIPPER,21147717,1.0,free,2025/12/13,0,無
2025-12-25T18:00:00,チェリーポップ feat. 初音ミク,DECO*27,14532561,1.0,free,2025/11/29,0,無
2025-12-26T18:00:00,弱虫モンブラン,DECO*27,4284913,0.0,free,2025/12/30,0,無
2025-12-27T18:00:00,織姫とBABY feat. 汐れいら,ねぐせ。,15644997,1.0,free,2025/11/22,0,無
2025-12-28T18:00:00,GOOD DAY,Mrs. GREEN APPLE,12159735,1.0,free,2025/12/25,0,無
2025-12-29T18:00:00,ラブソングに襲われる,=LOVE,12736496,1.0,free,2025/10/25,0,無
2025-12-30T18:00:00,いますぐ輪廻,なきそ,37425084,1.0,free,2025/10/13,0,無
2025-12-31T18:00:00,絶対アイドル辞めないで,=LOVE,20271594,1.0,free,2024/07/19,0,無
2026-01-01T18:00:00,とくべチュ、して,=LOVE,27853199,1.0,free,2025/06/14,0,無
2026-01-02T18:00:00,Moonchaser,STARGLOW,4664522,0.333,free,2025/12/07,0,無
2026-01-03T18:00:00,恋風,幾田 りら,14338228,1.0,free,2025/11/02,0,無
2026-01-04T18:00:00,超主人公,ピノキオピー,7642083,1.0,free,2025/11/01,0,無
2026-01-05T18:00:00,アシンメトリー,なにわ男子,3796619,0.0,free,2025/10/25,0,無
2026-01-06T18:00:00,プロポーズ,すとぷり,44740553,1.0,free,2025/10/18,0,無
2026-01-07T18:00:00,超特急逃走中,=LOVE,8110894,1.0,free,2025/10/12,0,無
2026-01-08T18:00:00,Bring it on,ROF-MAO,24243431,1.0,free,2025/10/11,0,無
2026-01-09T18:00:00,Blue Jeans,HANA,1756265,0.0,free,2025/10/04,0,無
2026-01-10T18:00:00,キミとルララ,キュアアイドル(CV：松岡美里)&キュアウインク(CV：髙橋ミナミ)&キュアキュンキュン(CV：高森奈津美)&キュアズキューン(CV：南條愛乃)&キュアキッス(CV：花井美春）,1928658,0.0,free,2025/09/27,0,無
2026-01-11T18:00:00,ノンフィクションズ,Da-iCE,4289477,0.0,free,2025/09/20,0,無
2026-01-12T18:00:00,夢中,BE:FIRST,18033154,1.0,free,2025/09/13,0,無
2026-01-13T18:00:00,Ｗ,Snow Man,43872941,1.0,free,2024/02/19,0,無
2026-01-14T18:00:00,愛♡スクリ～ム!,AiScReam,3958565,0.0,free,2025/05/17,0,無
2026-01-15T18:00:00,STAR to STPR,STPR Creators,3517859,0.0,free,2025/08/30,0,無
2026-01-16T18:00:00,WINNER！ゴジュウジャー！,Wienners,2554655,0.0,free,2025/08/31,0,無
2026-01-17T18:00:00,どきどきキュン！で大暴走♡,いずれ菖蒲か杜若,8857533,1.0,free,2025/08/23,0,無
2026-01-18T18:00:00,こたえあわせ,てれび戦士,6494022,1.0,free,2025/08/24,0,無
2026-01-19T18:00:00,StaRt,Mrs. GREEN APPLE,90243240,1.0,free,2025/09/06,0,無
2026-01-20T18:00:00,Carrying Happiness,Mrs. GREEN APPLE,12917831,1.0,free,2025/08/10,0,無
2026-01-21T18:00:00,T氏の話を信じるな,ピノキオピー,17075761,1.0,free,2025/08/17,0,無
2026-01-22T18:00:00,ギラギラサマー,なにわ男子,6212684,1.0,free,2025/08/16,0,無
2026-01-23T18:00:00,ダイダイダイダイダイキライ,雨良 Amala,42184406,1.0,free,2025/07/05,0,無
2026-01-24T18:00:00,ハッピーラッキーチャッピー,ano,9408810,1.0,free,2025/08/09,0,無
2026-01-25T18:00:00,ブラザービート,Snow Man,116235713,1.0,free,2023/12/29,0,無
2026-01-26T18:00:00,コドモオトナヒーロー,原宿ヒーローズ,13900462,1.0,free,2025/08/02,0,無
2026-01-27T18:00:00,明日の私に幸あれ,ナナヲアカリ,18762620,1.0,free,2025/07/26,0,無
2026-01-28T18:00:00,超最強,超ときめき♡宣伝部,12749795,1.0,free,2025/07/19,0,無
2026-01-29T18:00:00,お返事まだカナ？おじさん構文！,吉本おじさん,34018939,1.0,free,2025/07/12,0,無
2026-01-30T18:00:00,breakfast,Mrs. GREEN APPLE,15413,0.0,free,2025/06/28,0,無
2026-01-31T18:00:00,テレパシ feat. 初音ミク,DECO*27,39852688,1.0,free,2025/06/21,0,無
2026-02-01T18:00:00,虹,菅田将暉,183817295,1.0,free,2025/06/07,0,無
2026-02-02T18:00:00,おくすり,『ユイカ』,2902666,0.0,free,2025/05/31,0,無
2026-02-03T18:00:00,Trio Dreams,キュアアイドル(CV：松岡美里)＆キュアウインク(CV：髙橋ミナミ)＆キュアキュンキュン(CV：高森奈津美),1169357,0.0,free,2025/05/24,0,無
2026-02-04T18:00:00,クスシキ,Mrs. GREEN APPLE,68284795,1.0,free,2025/05/03,0,無
2026-02-05T18:00:00,BOUQUET,MISAMO,6566656,1.0,free,2025/02/21,0,無
2026-02-06T18:00:00,Doki it,なにわ男子,5503104,1.0,free,2025/05/10,0,無
2026-02-07T18:00:00,ビターバカンス,Mrs. GREEN APPLE,49768039,1.0,free,2025/02/11,0,無
2026-02-08T18:00:00,倍倍FIGHT！,CANDY TUNE,30975240,1.0,free,2025/04/26,0,無
2026-02-09T18:00:00,キミとアイドルプリキュア♪ Light Up!,石井あみ・熊田茜音・吉武千颯,958623,0.0,free,2025/04/19,0,無
2026-02-10T18:00:00,僕らしさ,『ユイカ』,1691418,0.0,free,2025/04/12,0,無
2026-02-11T18:00:00,キス・ミー・パティシエ,CANDY TUNE,122491,0.0,free,2024/08/25,0,無
2026-02-12T18:00:00,Sad Song,ちゃんみな,27348641,1.0,free,2025/04/05,0,無
2026-02-13T18:00:00,イイじゃん,M!LK,23906354,1.0,free,2025/04/04,0,無
2026-02-14T18:00:00,かがみ,FRUITS ZIPPER,9863,0.0,free,2025/04/03,0,無
2026-02-15T18:00:00,インドア系ならトラックメイカー,Yunomi,13922728,1.0,free,2025/04/01,0,無
2026-02-16T18:00:00,POKÉDANCE,ななひら,54413546,1.0,free,2024/05/18,0,無
2026-02-17T18:00:00,ダンスロボットダンス,ナユタン星人,11676452,1.0,free,2025/03/31,0,無
2026-02-18T18:00:00,アイネクライネ,米津玄師,368227887,1.0,free,2025/04/02,0,無
2026-02-19T18:00:00,GOAT,Number_i,49700026,1.0,free,2025/03/28,0,無
2026-02-20T18:00:00,ブリキノダンス,日向電工,23514024,1.0,free,2025/04/06,0,無
2026-02-21T18:00:00,NG,ちゃんみな,23415192,1.0,free,2025/03/30,0,無
2026-02-22T18:00:00,長く短い祭,椎名 林檎,94572571,1.0,free,2025/03/26,0,無
2026-02-23T18:00:00,雨トキメキ恋模様,いろはにほへっと あやふぶみ,2244728,0.0,free,2025/03/29,0,無
2026-02-24T18:00:00,イルミネーション,SEKAI NO OWARI,3948688,0.0,free,2025/03/27,0,無
2026-02-25T18:00:00,気まぐれロマンティック,いきものがかり,26376697,1.0,free,2025/03/25,0,無
2026-02-26T18:00:00,ラストノート,Omoinotake,1758301,0.0,free,2025/03/24,0,無
2026-02-27T18:00:00,LOSER,米津玄師,359737823,1.0,free,2024/08/31,0,無
2026-02-28T18:00:00,えびぞりターン!,フォーエイト48,644739,0.0,free,2025/03/21,0,無
2026-03-01T18:00:00,PEACE,STPR Creators,3629948,0.0,free,2025/03/20,0,無
2026-03-02T18:00:00,アポリア,ヨルシカ,16315638,1.0,free,2025/03/18,0,無
2026-03-03T18:00:00,プレゼント,マルシィ,19392556,1.0,free,2025/03/17,0,無
2026-03-04T18:00:00,こっち向いてほい,asmi,617011,0.0,free,2025/03/14,0,無
2026-03-05T18:00:00,PLAZMA,米津 玄師,34705538,1.0,free,2025/03/13,0,無
2026-03-06T18:00:00,DOWN TOWN SWING,AMPTAKxCOLORS,2983337,0.0,free,2025/03/11,0,無
2026-03-07T18:00:00,走れSAKAMOTO,Vaundy,7463470,1.0,free,2025/03/10,0,無
2026-03-08T18:00:00,私以外私じゃないの,ゲスの極み乙女。,108509169,1.0,free,2023/01/27,0,無
2026-03-09T18:00:00,のだ,大漠波新,27549037,1.0,free,2025/03/09,0,無
2026-03-10T18:00:00,桜日和とタイムマシン with 初音ミク,Ado,5891982,1.0,free,2025/03/23,0,無
2026-03-11T18:00:00,Lie ライ Lie ライ,MYERA,3195547,0.0,free,2025/01/24,0,無
2026-03-12T18:00:00,百花繚乱,幾田りら,23966,0.0,free,2025/03/15,0,無
2026-03-13T18:00:00,AlwayS,NiziU,23966825,1.0,free,2025/03/19,0,無
2026-03-14T18:00:00,うわーーー！！！！！！,AMPTAKxCOLORS,2587886,0.0,free,2025/03/16,0,無
2026-03-15T18:00:00,GO!GO!細胞フェスタ,赤血球(CV:花澤香菜)・白血球(CV:前野智昭) 他,333137,0.0,free,2025/03/12,0,無
2026-03-16T18:00:00,ピッカーン!,Giga & TeddyLoid meets 松田莉奈&森田ひかる,3787013,0.0,free,2025/03/08,0,無
2026-03-17T18:00:00,モニタリング,DECO*27,149423,0.0,free,2025/01/05,0,無
2026-03-18T18:00:00,馬鹿の一つ覚え,緑黄色社会,3718072,0.0,free,2025/03/05,0,無
2026-03-19T18:00:00,ひたむきシンデレラ！,CUTIE STREET,21143086,1.0,free,2025/03/02,0,無
2026-03-20T18:00:00,へんしん！,莉犬,2509821,0.0,free,2025/03/01,0,無
2026-03-21T18:00:00,TAIDADA,ずっと真夜中でいいのに。,43917246,1.0,free,2025/02/26,0,無
2026-03-22T18:00:00,BOW AND ARROW,米津 玄師,31472087,1.0,free,2025/02/24,0,無
2026-03-23T18:00:00,マシュマロパンチ,しなこ FEAT. 午前0時のプリンセス,11835868,1.0,free,2025/02/22,0,無
2026-03-24T18:00:00,きらり,藤井 風,167339367,1.0,free,2024/11/12,0,無
2026-03-25T18:00:00,プランA,DISH//,11405712,1.0,free,2024/11/05,0,無
2026-03-26T18:00:00,恥ずかしいか青春は,緑黄色社会,17426787,1.0,free,2024/10/17,0,無
2026-03-27T18:00:00,50％,Official髭男dism,8063043,1.0,free,2025/02/23,0,無
2026-03-28T18:00:00,僕らはいきものだから,緑黄色社会,3624331,0.0,free,2025/02/19,0,無
2026-03-29T18:00:00,風神,Vaundy,26489156,1.0,free,2025/02/15,0,無
2026-03-30T18:00:00,WOW,King & Prince,1599066,0.0,free,2025/02/09,0,無
2026-03-31T18:00:00,New me,YOASOBI,5755746,1.0,free,2025/02/12,0,無
2026-04-01T18:00:00,AWAKE,星街すいせい,7458672,1.0,free,2025/02/16,0,無
2026-04-02T18:00:00,ねっこ,King Gnu,22278902,1.0,free,2025/02/05,0,無
2026-04-03T18:00:00,Got Boost？,FANTASTICS from EXILE TRIBE,10231467,1.0,free,2025/02/02,0,無
2026-04-04T18:00:00,トワイライト,B小町,24949052,1.0,free,2025/02/08,0,無
2026-04-05T18:00:00,こんなあたしはいかがですか,超ときめき♡宣伝部,2900169,0.0,free,2025/02/01,0,無
2026-04-06T18:00:00,一旦ステイ　TONIGHT,不破湊,20343815,1.0,free,2025/01/25,0,無
2026-04-07T18:00:00,朝、月面も笑っている,DISH//,3058982,0.0,free,2025/01/29,0,無
2026-04-08T18:00:00,ロミオとシンデレラ,doriko,7761184,1.0,free,2025/01/26,0,無
2026-04-09T18:00:00,もういいよ,こっちのけんと,29281508,1.0,free,2025/01/18,0,無
2026-04-10T18:00:00,歯ラ歯ラ,しなこ,17698064,1.0,free,2024/12/30,0,無
2026-04-11T18:00:00,パイパイ仮面でどうかしらん？,宝鐘マリン,17664336,1.0,free,2025/01/12,0,無
2026-04-12T18:00:00,我ら完全無敵のアイドル!!,B小町,7100805,1.0,free,2025/01/19,0,無
2026-04-13T18:00:00,CHANGE,新しい学校のリーダーズ,8982115,1.0,free,2025/01/22,0,無
2026-04-14T18:00:00,Same Blue,Official髭男dism,23969939,1.0,free,2025/01/15,0,無
2026-04-15T18:00:00,ドーナツホール,ハチ,28447013,1.0,free,2025/01/11,0,無
2026-04-16T18:00:00,許婚っきゅん,ano,8489917,1.0,free,2024/12/27,0,無
2026-04-17T18:00:00,HAPPY≒FUTURE,深澤 恵梨香,292303,0.0,free,2025/01/04,0,無
2026-04-18T18:00:00,月曜日戦争,吉澤 嘉代子,3719241,0.0,free,2025/01/08,0,無
2026-04-19T18:00:00,Only One Story,ZEROBASEONE,3529573,0.0,free,2025/01/03,0,無
2026-04-20T18:00:00,モノトーン,YOASOBI,4679030,1.0,free,2024/12/28,0,無
2026-04-21T18:00:00,恋うらら,AMPTAKxCOLORS,958775,0.0,free,2025/01/01,0,無
2026-04-22T18:00:00,チャンカパーナ,NEWS,27872603,1.0,free,2024/12/31,0,無
2026-04-23T18:00:00,ネバーランド,DECO*27,4339365,0.0,free,2025/01/02,0,無
2026-04-24T18:00:00,ハッピーウェディング前ソング,ヤバイTシャツ屋さん,42304625,1.0,free,2024/12/29,0,無
2026-04-25T18:00:00,テトリス,柊マグネタイト,103276165,1.0,free,2024/12/26,0,無
2026-04-26T18:00:00,幽霊船戦,宝鐘マリン,17049595,1.0,free,2024/12/22,0,無
2026-04-27T18:00:00,すないぱー。,『ユイカ』,15156753,1.0,free,2024/12/24,0,無
2026-04-28T18:00:00,死ぬまでダーリン,HoneyWorks,2265641,0.0,free,2024/12/25,0,無
2026-04-29T18:00:00,ぶんぶぶんぶぶん,AMPTAKxCOLORS,2442256,0.0,free,2024/12/21,0,無
2026-04-30T18:00:00,六等星,ざらめ,3316412,0.0,free,2024/12/17,0,無
2026-05-01T18:00:00,とーちゃんの足ってなんでクサイの？,竹下☆ぱらだいす,14599009,1.0,free,2024/12/14,0,無
2026-05-02T18:00:00,㋰責任集合体,マサラダ,24481069,1.0,free,2024/12/15,0,無
2026-05-03T18:00:00,ミッション!健・康・第・イチ,赤血球(CV:花澤香菜)・白血球(CV:前野智昭),539060,0.0,free,2024/12/12,0,無
2026-05-04T18:00:00,きゅるりんしてみて,きゅるりんってしてみて,6150079,1.0,free,2024/12/10,0,無
2026-05-05T18:00:00,はりーはりーらぶ,すとぷり,17135176,1.0,free,2024/12/08,0,無
2026-05-06T18:00:00,EDEN,Knight A -騎士A-,473665,0.0,free,2024/12/05,0,無
2026-05-07T18:00:00,オトノケ,Creepy Nuts,90331690,1.0,free,2024/12/01,0,無
2026-05-08T18:00:00,らぶきゅん♡うぉんてっど,きゅるりんってしてみて,5522729,1.0,free,2024/12/03,0,無
2026-05-09T18:00:00,おかえり,Tani Yuuki,38657871,1.0,free,2024/11/28,0,無
2026-05-10T18:00:00,＃あくあ色ぱれっと,湊あくあ,34673216,1.0,free,2024/11/30,0,無
2026-05-11T18:00:00,誰我為,TK from 凛として時雨,4758218,1.0,free,2024/11/26,0,無
2026-05-12T18:00:00,Let me battle,9Lana,809012,0.0,free,2024/11/24,0,無
2026-05-13T18:00:00,フルーツバスケット,FRUITS ZIPPER,16406450,1.0,free,2024/11/19,0,無
2026-05-14T18:00:00,メロドラマ,なとり&imase,6743751,1.0,free,2024/11/21,0,無
2026-05-15T18:00:00,山田PERFECT,jon-YAKITORY,14963367,1.0,free,2024/11/17,0,無
2026-05-16T18:00:00,ひゅるりらぱっぱ,tuki.,46627428,1.0,free,2024/11/16,0,無
2026-05-17T18:00:00,怪獣,サカナクション,51964420,1.0,free,2024/11/23,0,無
2026-05-18T18:00:00,恋する惑星「アナタ」,冨岡 愛,6148813,1.0,free,2024/11/14,0,無
2026-05-19T18:00:00,familie,Mrs. GREEN APPLE,44856193,1.0,free,2024/11/10,0,無
2026-05-20T18:00:00,POP IN 2,B小町,24998998,1.0,free,2024/11/09,0,無
2026-05-21T18:00:00,FIRST 1MPACT,めておら - Meteorites -,2248736,0.0,free,2024/11/07,0,無
2026-05-22T18:00:00,Jewelry(Prod. imase),LE SSERAFIM,10106976,1.0,free,2024/11/02,0,無
2026-05-23T18:00:00,有頂天猫,キヨ,15574226,1.0,free,2024/10/31,0,無
2026-05-24T18:00:00,だんご3兄弟,「おかあさんといっしょ」より,18735979,1.0,free,2024/11/03,0,無
2026-05-25T18:00:00,からだ☆ダンダン,「おかあさんといっしょ」より,17077613,1.0,free,2024/10/29,0,無
2026-05-26T18:00:00,INZM,Number_i,72271910,1.0,free,2024/10/24,0,無
2026-05-27T18:00:00,元彼女のみなさまへ,コレサワ,18617112,1.0,free,2024/10/26,0,無
2026-05-28T18:00:00,モエチャッカファイア,弌誠,90769774,1.0,free,2024/10/27,0,無
2026-05-29T18:00:00,きんらきらぽん,「おかあさんといっしょ」より,3161079,0.0,free,2024/10/22,0,無
2026-05-30T18:00:00,ぴゅあぴゅあいちご,すとぷり,5985071,1.0,free,2024/10/20,0,無
2026-05-31T18:00:00,派手髪でも出来るばい！,竹下☆ぱらだいす,11630821,1.0,free,2024/10/19,0,無
2026-06-01T18:00:00,かわいいだけじゃだめですか？,CUTIE STREET,67948188,1.0,free,2024/10/13,0,無
2026-06-02T18:00:00,UNDEAD,YOASOBI,86479397,1.0,free,2024/10/12,0,無
2026-06-03T18:00:00,コイスルヒカリ,なにわ男子,8123380,1.0,free,2024/10/10,0,無
2026-06-04T18:00:00,アポロドロス,Mrs. GREEN APPLE,9234903,1.0,free,2024/10/15,0,無
2026-06-05T18:00:00,愛とU,Mega Shinnosuke,18674723,1.0,free,2024/10/06,0,無
2026-06-06T18:00:00,D.N.A.,Girls2 x iScream,1722774,0.0,free,2024/10/08,0,無
2026-06-07T18:00:00,ホムンクルス,Vaundy,13533424,1.0,free,2024/10/05,0,無
2026-06-08T18:00:00,ぴゅあいんざわーるど,FRUITS ZIPPER,10223255,1.0,free,2024/10/01,0,無
2026-06-09T18:00:00,生まれたその時から,すとぷり,434254,0.0,free,2024/09/29,0,無
2026-06-10T18:00:00,カーテンコール,優里,23994861,1.0,free,2024/09/28,0,無
2026-06-11T18:00:00,鬼ノ宴,友成空,74605501,1.0,free,2024/03/20,0,無
2026-06-12T18:00:00,グミキュンプリンセス,しなこ,16094280,1.0,free,2024/09/22,0,無
2026-06-13T18:00:00,虹のはじまり,すとぷり,2261116,0.0,free,2024/09/24,0,無
2026-06-14T18:00:00,転生林檎 feat. 初音ミク,ピノキオピー,54700260,1.0,free,2024/09/21,0,無
2026-06-15T18:00:00,MONSTER DANCE,KEYTALK,21837205,1.0,free,2024/09/08,0,無
2026-06-16T18:00:00,エジソン,水曜日のカンパネラ,68990742,1.0,free,2024/09/07,0,無
2026-06-17T18:00:00,拝啓、俺たちへ,コムドット,22297870,1.0,free,2024/09/05,0,無
2026-06-18T18:00:00,相思相愛,aiko,24523771,1.0,free,2024/06/27,0,無
2026-06-19T18:00:00,ライラック,Mrs. GREEN APPLE,209116321,1.0,free,2024/06/08,0,無
2026-06-20T18:00:00,I wonder,Da-iCE,55422396,1.0,free,2024/06/09,0,無
2026-06-21T18:00:00,コツコツ-PON-PON,ブンドリオ・ブンデラス(CV:松本 梨香),2099346,0.0,free,2024/08/08,0,無
2026-06-22T18:00:00,晴る,ヨルシカ,74570273,1.0,free,2024/08/06,0,無
2026-06-23T18:00:00,アンビバレント,Uru,18812040,1.0,free,2024/07/05,0,無
2026-06-24T18:00:00,にじのむこうに,坂田 おさむ,1331339,0.0,free,2024/07/15,0,無
2026-06-25T18:00:00,ファタール,GEMN,67872818,1.0,free,2024/08/11,0,無
2026-06-26T18:00:00,ドンスカパンパンおうえんだん,『おかあさんといっしょ』,1581853,0.0,free,2024/08/02,0,無
2026-06-27T18:00:00,ハロ,yama×ぼっちぼろまる,1098206,0.0,free,2024/06/30,0,無
2026-06-28T18:00:00,ファンターネ!,『おかあさんといっしょ』ファンターネ!OP,1272762,0.0,free,2024/07/04,0,無
2026-06-29T18:00:00,ぼよよん行進曲,『おかあさんといっしょ』,2939914,0.0,free,2024/05/05,0,無
2026-06-30T18:00:00,二度寝,Creepy Nuts,26172840,1.0,free,2024/06/17,0,無
2026-07-01T18:00:00,シカ色デイズ,シカ部,25925971,1.0,free,2024/07/28,0,無
2026-07-02T18:00:00,今はいいんだよ。,MIMI,38773046,1.0,free,2024/09/19,0,無
2026-07-03T18:00:00,W●RK,millennium parade × 椎名 林檎,29308885,1.0,free,2024/05/08,0,無
2026-07-04T18:00:00,ルル,Ado,49310842,1.0,free,2024/09/17,0,無
2026-07-05T18:00:00,ダンスホール,音羽-otoha-,156513638,1.0,free,2022/08/23,0,無
2026-07-06T18:00:00,ギンギラ銀河,すとぷり,18333301,1.0,free,2024/09/15,0,無
2026-07-07T18:00:00,次回予告,キタニタツヤ,5943838,1.0,free,2024/09/10,0,無
2026-07-08T18:00:00,ultra soul,B’z,18050319,1.0,free,2024/09/14,0,無
2026-07-09T18:00:00,しあわせえぼりゅ～しょん♡,石井あみ＆後本萌葉,797002,0.0,free,2024/09/01,0,無
2026-07-10T18:00:00,かくれんぼ,優里,98164195,1.0,free,2024/08/30,0,無
2026-07-11T18:00:00,Steal a Kiss,超特急,6046178,1.0,free,2024/08/29,0,無
2026-07-12T18:00:00,Alpha,なにわ男子,14924013,1.0,free,2024/08/27,0,無
2026-07-13T18:00:00,「名探偵コナン」メイン・テーマ,大野克夫バンド,3318262,0.0,free,2024/08/24,0,無
2026-07-14T18:00:00,BON,Number_i,81835816,1.0,free,2024/08/23,0,無
2026-07-15T18:00:00,マツケンサンバII,松平健,32794841,1.0,free,2024/08/09,0,無
2026-07-16T18:00:00,Dear,Mrs. GREEN APPLE,17225719,1.0,free,2024/08/12,0,無
2026-07-17T18:00:00,FUN☆FUN☆わんだふるDAYS!,⽯井あみ＆後本萌葉,1131023,0.0,free,2024/04/07,0,無
2026-07-18T18:00:00,わんだふるぷりきゅあ!EVOLUTION!!,吉武千颯,1681566,0.0,free,2024/04/07,0,無
2026-07-19T18:00:00,君をのせて,井上あずみ,34740542,1.0,free,2024/05/28,0,無
2026-07-20T18:00:00,おやすみロマンス,むくえな,581436,0.0,free,2024/08/22,0,無
2026-07-21T18:00:00,誓いの花束を～With You～,すとぷり,6728164,1.0,free,2024/08/18,0,無
2026-07-22T18:00:00,雨天決行,すとぷり,3219694,0.0,free,2024/08/17,0,無
2026-07-23T18:00:00,さよーならまたいつか!,米津 玄師,109435445,1.0,free,2024/08/16,0,無
2026-07-24T18:00:00,この地球のどこかで,合唱,2369773,0.0,free,2024/08/15,0,無
2026-07-25T18:00:00,Bling-Bang-Bang-Born,Creepy Nuts,434154227,1.0,free,2024/01/27,0,無
2026-07-26T18:00:00,不思議,星野 源,46533371,1.0,free,2024/04/11,0,無
2026-07-27T18:00:00,Dangerholic,Snow Man,81350920,1.0,free,2024/05/06,0,無
2026-07-28T18:00:00,ぼくらの,Eve,22221224,1.0,free,2024/05/02,0,無
2026-07-29T18:00:00,ひとりごつ,ハチワレ（CV：田中誠人）,9189949,1.0,free,2024/04/13,0,無
2026-07-30T18:00:00,星座になれたら,結束バンド,27584405,1.0,free,2024/05/01,0,無
2026-07-31T18:00:00,ギターと孤独と蒼い惑星,結束バンド,4107850,0.0,free,2024/05/06,0,無
2026-08-01T18:00:00,トウキョウ・シャンディ・ランデヴ,MAISONdes,75184530,1.0,free,2023/03/19,0,無
2026-08-02T18:00:00,おジャ魔女カーニバル!!,MAHO堂,11857436,1.0,free,2024/05/04,0,無
2026-08-03T18:00:00,Bye-Good-Bye,BE:FIRST,68490802,1.0,free,2024/03/22,0,無
2026-08-04T18:00:00,１・２・３,After the Rain (そらる×まふまふ),2644069,0.0,free,2022/06/01,0,無
2026-08-05T18:00:00,夢幻,MY FIRST STORY×HYDE,44441980,1.0,free,2024/08/04,0,無
2026-08-06T18:00:00,残響散歌,Aimer,281830744,1.0,free,2024/04/22,0,無
2026-08-07T18:00:00,阿修羅ちゃん,Ado,116114690,1.0,free,2024/05/02,0,無
2026-08-08T18:00:00,unravel,TK from 凛として時雨,79655756,1.0,free,2024/04/11,0,無
2026-08-09T18:00:00,前前前世,RADWIMPS,349313608,1.0,free,2024/05/22,0,無
2026-08-10T18:00:00,廻廻奇譚,Eve,441827634,1.0,free,2024/06/05,0,無
2026-08-11T18:00:00,BREAKOUT,Snow Man,22808055,1.0,free,2024/08/20,0,無
2026-08-12T18:00:00,猫,DISH//,28619141,1.0,free,2024/04/28,0,無
2026-08-13T18:00:00,ハルノヒ,あいみょん,125492435,1.0,free,2024/05/27,0,無
2026-08-14T18:00:00,Lemon,米津玄師,942676607,1.0,free,2024/05/12,0,無
2026-08-15T18:00:00,千本桜,黒うさ,78073994,1.0,free,2021/09/10,0,無
2026-08-16T18:00:00,うっせぇわ,Ado,394927267,1.0,free,2021/08/05,0,無
2026-08-17T18:00:00,三原色,YOASOBI,103181599,1.0,free,2024/04/18,0,無
2026-08-18T18:00:00,グッバイ宣言,FloweR,150701735,1.0,free,2021/09/08,0,無
2026-08-19T18:00:00,水平線,back number,281173696,1.0,free,2024/04/26,0,無
2026-08-20T18:00:00,女々しくて,ゴールデンボンバー,24543674,1.0,free,2024/06/11,0,無
2026-08-21T18:00:00,フォニイ,ツミキ,71795351,1.0,free,2024/04/25,0,無
2026-08-22T18:00:00,おかえりらぶっ！,すとぷり,29236090,1.0,free,2024/03/02,0,無
2026-08-23T18:00:00,ギラギラ,Ado,207258691,1.0,free,2024/04/21,0,無
2026-08-24T18:00:00,生きる feat. 可不,水野あつ,28486346,1.0,free,2021/10/16,0,無
2026-08-25T18:00:00,キュートなカノジョ,syudou,42270917,1.0,free,2024/05/21,0,無
2026-08-26T18:00:00,トンデモワンダーズ,sasakure.‌UK,11632947,1.0,free,2023/12/27,0,無
2026-08-27T18:00:00,シンデレラボーイ,Saucy Dog,127916836,1.0,free,2024/05/31,0,無
2026-08-28T18:00:00,ロキ,みきとP,87280276,1.0,free,2024/04/12,0,無
2026-08-29T18:00:00,ヒバナ,DECO*27,79957000,1.0,free,2022/01/09,0,無
2026-08-30T18:00:00,ゴーストルール feat. 初音ミク,DECO*27,54248256,1.0,free,2024/05/15,0,無
2026-08-31T18:00:00,第六感,Reol,79717601,1.0,free,2024/04/08,0,無
2026-09-01T18:00:00,神っぽいな feat. 初音ミク,ピノキオピー,87360268,1.0,free,2022/01/02,0,無
2026-09-02T18:00:00,踊り子,Vaundy,4406,0.0,free,2024/04/10,0,無
2026-09-03T18:00:00,ベテルギウス,優里,67856946,1.0,free,2024/04/21,0,無
2026-09-04T18:00:00,秒針を噛む,ずっと真夜中でいいのに。,150143170,1.0,free,2024/04/15,0,無
2026-09-05T18:00:00,おもかげ,milet×Aimer×幾田りら,71822707,1.0,free,2024/05/10,0,無
2026-09-06T18:00:00,ダーリンダンス feat.初音ミク,かいりきベア,46570941,1.0,free,2024/04/19,0,無
2026-09-07T18:00:00,少女レイ feat. 初音ミク,みきとP,9154576,1.0,free,2022/04/03,0,無
2026-09-08T18:00:00,魔法少女とチョコレゐト feat. 初音ミク,ピノキオピー,36668812,1.0,free,2024/02/11,0,無
2026-09-09T18:00:00,春泥棒,ヨルシカ,123544015,1.0,free,2024/04/24,0,無
2026-09-10T18:00:00,天ノ弱 feat.GUMI,164 feat.GUMI,59093859,1.0,free,2024/01/17,0,無
2026-09-11T18:00:00,乙女解剖 feat. 初音ミク,DECO*27,54278275,1.0,free,2024/02/25,0,無
2026-09-12T18:00:00,恋の約束,いれいす,1113313,0.0,free,2024/07/12,0,無
2026-09-13T18:00:00,Habit,SEKAI NO OWARI,231769336,1.0,free,2024/01/20,0,無
2026-09-14T18:00:00,The Answer,なにわ男子,9897194,1.0,free,2024/06/03,0,無
2026-09-15T18:00:00,イエスタデイ,Official髭男dism,208896822,1.0,free,2024/04/18,0,無
2026-09-16T18:00:00,D.D.,Snow Man,124105356,1.0,free,2024/04/29,0,無
2026-09-17T18:00:00,ともに,WANIMA,199122443,1.0,free,2023/12/03,0,無
2026-09-18T18:00:00,夏祭り,Whiteberry,17470933,1.0,free,2022/06/17,0,無
2026-09-19T18:00:00,酔いどれ知らず feat.GUMI,Kanaria,55990499,1.0,free,2022/07/09,0,無
2026-09-20T18:00:00,ダイヤモンドスマイル,なにわ男子,26364111,1.0,free,2024/04/15,0,無
2026-09-21T18:00:00,ベノム,v4 flower,69124796,1.0,free,2024/04/30,0,無
2026-09-22T18:00:00,だから僕は音楽を辞めた,ヨルシカ,207487607,1.0,free,2024/07/07,0,無
2026-09-23T18:00:00,HANABI,Mr.Children,402,0.0,free,2024/04/17,0,無
2026-09-24T18:00:00,アンノウン・マザーグース,wowaka,71764771,1.0,free,2024/07/21,0,無
2026-09-25T18:00:00,サウダージ,ポルノグラフィティ,36259423,1.0,free,2023/12/19,0,無
2026-09-26T18:00:00,ラグトレイン,稲葉曇,88732052,1.0,free,2024/05/07,0,無
2026-09-27T18:00:00,ロミエット,フォーエイト48,7470459,1.0,free,2024/06/12,0,無
2026-09-28T18:00:00,ハッピーサプライズ,なにわ男子,13487655,1.0,free,2023/12/24,0,無
2026-09-29T18:00:00,I'm a mess,MY FIRST STORY,65111484,1.0,free,2024/04/14,0,無
2026-09-30T18:00:00,春を告げる,yama,184008488,1.0,free,2024/04/13,0,無
2026-10-01T18:00:00,Imitation Rain,SixTONES,65647139,1.0,free,2024/04/29,0,無
2026-10-02T18:00:00,幽霊東京,Ayase,11223061,1.0,free,2024/04/16,0,無
2026-10-03T18:00:00,きゅうくらりん,いよわ feat.可不,94372691,1.0,free,2024/04/14,0,無
2026-10-04T18:00:00,青春ラプソディ,なにわ男子,16054953,1.0,free,2024/06/26,0,無
2026-10-05T18:00:00,名前は片想い,indigo la End,20393722,1.0,free,2024/06/20,0,無
2026-10-06T18:00:00,Tokimeki,Vaundy,18228948,1.0,free,2024/05/01,0,無
2026-10-07T18:00:00,ビート DE トーヒ,ハマいく,10129222,1.0,free,2023/04/27,0,無
2026-10-08T18:00:00,ハナタバ,MIMI,24417964,1.0,free,2024/05/05,0,無
2026-10-09T18:00:00,男の子のために可愛いわけじゃない！,星乃夢奈,7126419,1.0,free,2024/01/23,0,無
2026-10-10T18:00:00,Poppin’ Hoppin’ Lovin’,なにわ男子,20308403,1.0,free,2024/04/23,0,無
2026-10-11T18:00:00,888月~夏にも程がある~,リサイタルズ,15689493,1.0,free,2023/11/13,0,無
2026-10-12T18:00:00,夏色,ゆず,5998656,1.0,free,2024/07/17,0,無
2026-10-13T18:00:00,斜陽,ヨルシカ,23981151,1.0,free,2024/04/09,0,無
2026-10-14T18:00:00,Magic,Mrs. GREEN APPLE,64689074,1.0,free,2023/11/20,0,無
2026-10-15T18:00:00,たぶん,YOASOBI,159307442,1.0,free,2024/04/30,0,無
2026-10-16T18:00:00,Shining One,BE:FIRST,41544480,1.0,free,2024/05/04,0,無
2026-10-17T18:00:00,Surges,Orangestar (feat. 夏背 & ルワン),60934303,1.0,free,2024/01/01,0,無
2026-10-18T18:00:00,全力キング,古川 貴之,5554499,1.0,free,2024/07/14,0,無
2026-10-19T18:00:00,シンクロニシティ,乃木坂46,63229001,1.0,free,2024/04/24,0,無
2026-10-20T18:00:00,CRUISIN',IMP.,11413886,1.0,free,2024/04/16,0,無
2026-10-21T18:00:00,さくらんぼ,大塚 愛,34821201,1.0,free,2024/04/12,0,無
2026-10-22T18:00:00,愛のうた,ストロベリー・フラワー,12254956,1.0,free,2024/04/20,0,無
2026-10-23T18:00:00,なにやってもうまくいかない,meiyo,49272047,1.0,free,2024/06/28,0,無
2026-10-24T18:00:00,証拠,WEST.,1517121,0.0,free,2024/04/09,0,無
2026-10-25T18:00:00,ランデヴー,シャイトープ,39057613,1.0,free,2024/01/24,0,無
2026-10-26T18:00:00,GOD KNOWS…,平野 綾,131399061,1.0,free,2024/05/13,0,無
2026-10-27T18:00:00,HERO,INI,21101670,1.0,free,2024/05/20,0,無
2026-10-28T18:00:00,New Day,INI,1112299,0.0,free,2024/04/23,0,無
2026-10-29T18:00:00,ダダダダ天使,ナナヲアカリ,58048937,1.0,free,2024/04/17,0,無
2026-10-30T18:00:00,だれかの心臓になれたなら,ユリイ・カノン,68462900,1.0,free,2024/05/26,0,無
2026-10-31T18:00:00,今-明日 世界が終わっても-,SEVENTEEN,30442056,1.0,free,2024/01/16,0,無
2026-11-01T18:00:00,プリキュア5、スマイル go go!,コロムビア・オーケストラ,1540887,0.0,free,2024/05/16,0,無
2026-11-02T18:00:00,舞い落ちる花びら (Fallin' Flower),SEVENTEEN,57978126,1.0,free,2024/05/09,0,無
2026-11-03T18:00:00,BIRI-BIRI,YOASOBI,35990987,1.0,free,2024/01/25,0,無
2026-11-04T18:00:00,ボルテッカー feat. 初音ミク,DECO*27,22222757,1.0,free,2024/04/08,0,無
2026-11-05T18:00:00,ラブソング,マルシィ,470114,0.0,free,2024/04/22,0,無
2026-11-06T18:00:00,世界はあなたに笑いかけている,Little Glee Monster,5523999,1.0,free,2024/04/25,0,無
2026-11-07T18:00:00,すきっちゅーの!,HoneyWorks feat.かぴ,20967344,1.0,free,2024/03/16,0,無
2026-11-08T18:00:00,CHEMY×STORY,BACK-ON,5228316,1.0,free,2024/04/20,0,無
2026-11-09T18:00:00,STARBOYS,FANTASTICS from EXILE TRIBE,150277333,1.0,free,2024/07/23,0,無
2026-11-10T18:00:00,美人,ちゃんみな,29205105,1.0,free,2024/06/25,0,無
2026-11-11T18:00:00,ハローハロー,てれび戦士,61768977,1.0,free,2024/04/28,0,無
2026-11-12T18:00:00,すきっ！,超ときめき♡宣伝部,7444731,1.0,free,2024/05/11,0,無
2026-11-13T18:00:00,最上級にかわいいの！,超ときめき♡宣伝部,21186633,1.0,free,2024/05/25,0,無
2026-11-14T18:00:00,♡人生♡,コレサワ,3460391,0.0,free,2024/04/27,0,無
2026-11-15T18:00:00,ナハトムジーク,Mrs. GREEN APPLE,34702067,1.0,free,2024/06/23,0,無
2026-11-16T18:00:00,イガク,原口沙輔,49729128,1.0,free,2024/06/01,0,無
2026-11-17T18:00:00,手のひらを太陽に,由紀 さおり・安田 祥子,1841266,0.0,free,2024/06/02,0,無
2026-11-18T18:00:00,だいしきゅーだいしゅき,femme fatale,11622289,1.0,free,2024/05/17,0,無
2026-11-19T18:00:00,オレンジ,SPYAIR,53599682,1.0,free,2024/04/26,0,無
2026-11-20T18:00:00,オーバーライド,吉田 夜世,90695730,1.0,free,2024/06/16,0,無
2026-11-21T18:00:00,Party!!,緑黄色社会,6025778,1.0,free,2024/05/23,0,無
2026-11-22T18:00:00,Believe,杉本 竜一,4546612,0.499,free,2024/05/30,0,無
2026-11-23T18:00:00,翼をください,赤い鳥,4543946,0.0,free,2024/06/07,0,無
2026-11-24T18:00:00,イチカバチカ,山内 惠介,1513482,0.0,free,2024/06/22,0,無
2026-11-25T18:00:00,えがおのまほう,大原 ゆい子,13516266,1.0,free,2024/05/14,0,無
2026-11-26T18:00:00,アンパンマンたいそう,CHA-CHA,90722926,1.0,free,2024/05/19,0,無
2026-11-27T18:00:00,サンサンたいそう,ドリーミング・アンパン合唱団,78687374,1.0,free,2024/06/13,0,無
2026-11-28T18:00:00,ビビデバ,星街すいせい,160787166,1.0,free,2024/04/27,0,無
2026-11-29T18:00:00,勇気りんりん,ドリーミング・アンパン合唱団,1408658,0.0,free,2024/05/03,0,無
2026-11-30T18:00:00,Click,ME:I,34108930,1.0,free,2024/05/29,0,無
2026-12-01T18:00:00,NEW KAWAII,FRUITS ZIPPER,24269184,1.0,free,2024/06/10,0,無
2026-12-02T18:00:00,ハート,あいみょん,31080769,1.0,free,2024/06/24,0,無
2026-12-03T18:00:00,パジャマパーティーズのうた,パジャマパーティーズ,9901805,1.0,free,2024/06/04,0,無
2026-12-04T18:00:00,スーパースター,ケツメイシ,5971875,1.0,free,2024/06/29,0,無
2026-12-05T18:00:00,世界中のこどもたちが,宝塚少年少女合唱団,6234710,1.0,free,2024/06/18,0,無
2026-12-06T18:00:00,混沌ブギ,jon-YAKITORY,80992577,1.0,free,2024/06/06,0,無
2026-12-07T18:00:00,《A》BEGINNING,Aぇ! group,13486789,1.0,free,2024/06/19,0,無
2026-12-08T18:00:00,会いにいくのに,あいみょん,10821873,1.0,free,2024/06/21,0,無
2026-12-09T18:00:00,ハッピー・ジャムジャム,しまじろう,55349860,1.0,free,2024/06/15,0,無
2026-12-10T18:00:00,無責任でええじゃないかLOVE,KAMIGATA BOYZ,19991418,1.0,free,2024/06/14,0,無
2026-12-11T18:00:00,MOTTAI,P丸様。,26343415,1.0,free,2024/08/10,0,無
2026-12-12T18:00:00,III,宝鐘マリン & Kobo Kanaeru,26111462,1.0,free,2024/07/06,0,無
2026-12-13T18:00:00,ハム太郎とっとこうた,ハムちゃんず,3468586,0.0,free,2024/07/27,0,無
2026-12-14T18:00:00,NEW CLASSIC,なにわ男子,30447384,1.0,free,2024/08/01,0,無
2026-12-15T18:00:00,たいようのサンバ,合唱,172452,0.0,free,2024/07/11,0,無
2026-12-16T18:00:00,始まりの歌,緑黄色社会,5850318,1.0,free,2024/07/09,0,無
2026-12-17T18:00:00,サクラキミワタシ,tuki.,17702714,1.0,free,2024/07/30,0,無
2026-12-18T18:00:00,メズマライザー,サツキ,174687140,1.0,free,2024/07/13,0,無
2026-12-19T18:00:00,ツキミソウ,Novelbright,108439197,1.0,free,2024/07/02,0,無
2026-12-20T18:00:00,はいよろこんで,こっちのけんと,199295872,1.0,free,2024/07/20,0,無
2026-12-21T18:00:00,好きな惣菜発表ドラゴン,ンバヂ,3788122,0.0,free,2024/07/25,0,無
2026-12-22T18:00:00,しなこワールド,しなこ,42391339,1.0,free,2024/08/03,0,無
2026-12-23T18:00:00,魔性の女A,紫 今,16889278,1.0,free,2024/07/26,0,無
2026-12-24T18:00:00,広告用,広告用,1725810,0.0,free,2028/10/18,0,無
2026-12-25T18:00:00,【はちゃめちゃわちゃライフ - FRUITS ZIPPER】たいこでヒットソング#shorts #はちゃめちゃわちゃライフ #fruitszipper  #たいこでヒットソング #音ゲー,たいこでヒットソング,2,0.0,free,,0,無
2026-12-26T18:00:00,【T氏の話を信じるな - ピノキオピー】たいこで叩いてみた｜たいこでヒットソング#shorts #T氏の話を信じるな #ピノキオピー #たいこでヒットソング #音ゲー,たいこでヒットソング,1786,0.0,free,,0,無
2026-12-27T18:00:00,【ねぐせ - 織姫とBABY feat. 汐れいら】たいこで叩いてみた｜たいこでヒットソング#shorts #ねぐせ #織姫とBABYfeat汐れいら #たいこでヒットソング #音ゲー,たいこでヒットソング,3276,0.0,free,,0,無
2026-12-28T18:00:00,【カリスマックス - SNOW MAN】たいこで叩いてみた｜たいこでヒットソング#shorts #カリスマックス #snowman  #たいこでヒットソング #音ゲー,たいこでヒットソング,3964,0.0,free,,0,無
2026-12-29T18:00:00,【かわいいさがしてくれますか？ - CUTIE STREET】たいこでヒットソング#shorts #かわいいさがしてくれますか？ #CUTIESTREET #たいこでヒットソング #音ゲー,たいこでヒットソング,1939,0.0,free,,0,無
2026-12-30T18:00:00,【チェリーポップ - DECO*27】たいこで叩いてみた｜たいこでヒットソング#shorts #チェリーポップ #DECO*27 #たいこでヒットソング #音ゲー＃初音ミク,たいこでヒットソング,2467,0.0,free,,0,無
2026-12-31T18:00:00,【IRIS OUT - 米津玄師】たいこで叩いてみた｜たいこでヒットソング#shorts #irisout  #米津玄師 #たいこでヒットソング #音ゲー #チェンソーマン,たいこでヒットソング,5387,0.0,free,,0,無
2027-01-01T18:00:00,【祝福】たいこで叩いてみた｜たいこでヒットソング#shorts #祝福  #たいこでヒットソング #音ゲー,たいこでヒットソング,2346,0.0,free,,0,無
2027-01-02T18:00:00,【J0KER×JOK3R】たいこで叩いてみた｜たいこでヒットソング#shorts #J0KERJOK3R  #たいこでヒットソング #音ゲー,たいこでヒットソング,1446,0.0,free,,0,無
2027-01-03T18:00:00,【タイムパラドックス - Vaundy】たいこで叩いてみた｜たいこでヒットソング#shorts #タイムパラドックス #vaundy  #たいこでヒットソング #音ゲー,たいこでヒットソング,1808,0.0,free,,0,無
2027-01-04T18:00:00,【冬と春 - back number】たいこで叩いてみた｜たいこでヒットソング#shorts #冬と春 #backnumber #たいこでヒットソング #音ゲー,たいこでヒットソング,1184,0.0,free,,0,無
2027-01-05T18:00:00,【丸の内サディスティック - 椎名林檎】たいこで叩いてみた｜たいこでヒットソング#shorts #丸の内サディスティック #椎名林檎 #たいこでヒットソング #音ゲー,たいこでヒットソング,1257,0.0,free,,0,無
2027-01-06T18:00:00,【LOVE TRIGGER - Snow Man】たいこで叩いてみた｜たいこでヒットソング#shorts #LOVETRIGGER #SnowMan #たいこでヒットソング #音ゲー,たいこでヒットソング,965,0.0,free,,0,無
2027-01-07T18:00:00,【愛をこめて花束を - Superfly】たいこで叩いてみた｜たいこでヒットソング#shorts #愛をこめて花束を #superfly  #たいこでヒットソング #音ゲー,たいこでヒットソング,1262,0.0,free,,0,無
2027-01-08T18:00:00,【さんぽ - 井上 あずみ】たいこで叩いてみた｜たいこでヒットソング#shorts #さんぽ #井上あずみ #となりのトトロ #たいこでヒットソング #音ゲー,たいこでヒットソング,2053,0.0,free,,0,無
2027-01-09T18:00:00,【CHEERS!デリシャスパーティ プリキュア - Machico】たいこで叩いてみた｜たいこでヒットソング,たいこでヒットソング,1529,0.0,free,,0,無
2027-01-10T18:00:00,【ラビットホール - DECO*27】たいこで叩いてみた｜たいこでヒットソング#shorts #ラビットホール #deco27  #たいこでヒットソング #音ゲー,たいこでヒットソング,1381,0.0,free,,0,無
2027-01-11T18:00:00,【レオ - 優里】たいこで叩いてみた｜たいこでヒットソング#shorts #レオ #優里 #たいこでヒットソング #音ゲー,たいこでヒットソング,1380,0.0,free,,0,無
2027-01-12T18:00:00,【ichiban - King & Prince】たいこで叩いてみた｜たいこでヒットソング#shorts #ichiban  #kingandprince  #たいこでヒットソング #音ゲー,たいこでヒットソング,1096,0.0,free,,0,無
2027-01-13T18:00:00,【オドループ - フレデリック】たいこで叩いてみた｜たいこでヒットソング#shorts #オドループ #フレデリック #たいこでヒットソング,たいこでヒットソング,1310,0.0,free,,0,無
2027-01-14T18:00:00,【幾億光年 - Omoinotake】たいこで叩いてみた｜たいこでヒットソング#shorts #幾億光年 #omoinotake #eyeloveyou  #たいこでヒットソング,たいこでヒットソング,1419,0.0,free,,0,無
2027-01-15T18:00:00,【LOOK AT ME - NiziU】たいこで叩いてみた｜たいこでヒットソング#shorts #lookatme  #niziu  #たいこでヒットソング,たいこでヒットソング,861,0.0,free,,0,無
2027-01-16T18:00:00,"【ヨワネハキ - feat. 和ぬか, asmi】たいこで叩いてみた｜たいこでヒットソング#shorts #ヨワネハキ #和ぬか #asmi #たいこでヒットソング",たいこでヒットソング,1313,0.0,free,,0,無
2027-01-17T18:00:00,【ドラマツルギー - EVE】たいこで叩いてみた｜たいこでヒットソング#shorts #ドラマツルギー #EVE #たいこでヒットソング,たいこでヒットソング,1066,0.0,free,,0,無
2027-01-18T18:00:00,【Bye-Good-Bye - BE:FIRST】たいこで叩いてみた｜たいこでヒットソング#shorts #byegoodbye  #befirst  #たいこでヒットソング,たいこでヒットソング,1304,0.0,free,,0,無
2027-01-19T18:00:00,【ブタサンダー - ゆこぴ】たいこで叩いてみた｜たいこでヒットソング#shorts #ブタサンダー #ゆこぴ  #たいこでヒットソング,たいこでヒットソング,1379,0.0,free,,0,無
2027-01-20T18:00:00,【UP TO ME! - Little Glee Monster】たいこで叩いてみた｜たいこでヒットソング#shorts #uptome  #littlegleemonster #たいこでヒットソング,たいこでヒットソング,804,0.0,free,,0,無
2027-01-21T18:00:00,【W／X／Y - Tani Yuuki】たいこで叩いてみた｜たいこでヒットソング#shorts #WXY #taniyuuki  #たいこでヒットソング,たいこでヒットソング,1304,0.0,free,,0,無
2027-01-22T18:00:00,【愛包ダンスホール - HIMEHINA】たいこで叩いてみた｜たいこでヒットソング#shorts #愛包ダンスホール #himehina  #たいこでヒットソング,たいこでヒットソング,1304,0.0,free,,0,無
2027-01-23T18:00:00,【すっきちゅーの! - HoneyWorks feat.かぴ】たいこで叩いてみた｜たいこでヒットソング#shorts #すきっちゅーの  #honeyworks #かぴ  #たいこでヒットソング,たいこでヒットソング,1262,0.0,free,,0,無
2027-01-24T18:00:00,【宿命 - Official髭男dism】たいこで叩いてみた｜たいこでヒットソング#shorts #宿命 #Official髭男dism #たいこでヒットソング,たいこでヒットソング,1008,0.0,free,,0,無
2027-01-25T18:00:00,【DEAR MY LOVER - Hey!Say!JUMP】たいこで叩いてみた｜たいこでヒットソング#shorts #DEARMYLOVER #heysayjump  #たいこでヒットソング,たいこでヒットソング,1463,0.0,free,,0,無
2027-01-26T18:00:00,【青春フォトグラフ - Little Glee Monster】たいこで叩いてみた｜たいこでヒットソング#shorts #青春フォトグラフ #littlegleemonster #たいこでヒットソング,たいこでヒットソング,1003,0.0,free,,0,無
2027-01-27T18:00:00,【栞 - クリープハイプ】たいこで叩いてみた｜たいこでヒットソング#shorts #栞 #クリープハイプ #たいこでヒットソング,たいこでヒットソング,1147,0.0,free,,0,無
2027-01-28T18:00:00,【YELL - いきものがかり】たいこで叩いてみた｜たいこでヒットソング#shorts #YELL #いきものがかり #たいこでヒットソング #卒業ソング #卒業 #卒業おめでとう,たいこでヒットソング,1120,0.0,free,,0,無
2027-01-29T18:00:00,【旅立ちの日に - たんぽぽ合唱団】たいこで叩いてみた｜たいこでヒットソング#shorts #旅立ちの日に #卒業ソング #卒業 #卒業式 #卒業おめでとう  #たいこでヒットソング,たいこでヒットソング,1786,0.0,free,,0,無
2027-01-30T18:00:00,【3月9日 - レミオロメン】たいこで叩いてみた｜たいこでヒットソング#shorts #3月9日 #マカロニえんぴつ #たいこでヒットソング,たいこでヒットソング,987,0.0,free,,0,無
2027-01-31T18:00:00,【Good Luck! - SixTONES】たいこで叩いてみた｜たいこでヒットソング#shorts #goodluck  #sixtones  #たいこでヒットソング,たいこでヒットソング,1094,0.0,free,,0,無
2027-02-01T18:00:00,【ヒロイン - back number】たいこで叩いてみた｜たいこでヒットソング#shorts #ヒロイン #backnumber  #たいこでヒットソング,たいこでヒットソング,752,0.0,free,,0,無
2027-02-02T18:00:00,【ガチやべぇじゃん - P丸様。 feat.ななもり。】たいこで叩いてみた｜たいこでヒットソング#shorts #ガチやべぇじゃん #P丸様 #ななもりくん #たいこでヒットソング,たいこでヒットソング,986,0.0,free,,0,無
2027-02-03T18:00:00,【おかえりらぶっ！ - すとぷり】たいこで叩いてみた｜たいこでヒットソング#shorts #おかえりらぶっ #すとぷり #たいこでヒットソング,たいこでヒットソング,1094,0.0,free,,0,無
2027-02-04T18:00:00,【魂のルフラン - 高橋洋子】たいこで叩いてみた｜たいこでヒットソング#shorts #魂のルフラン #高橋洋子 #たいこでヒットソング,たいこでヒットソング,1003,0.0,free,,0,無
2027-02-05T18:00:00,【Start over! - 櫻坂46】たいこで叩いてみた｜たいこでヒットソング#shorts #startover  #櫻坂46 #たいこでヒットソング,たいこでヒットソング,910,0.0,free,,0,無
2027-02-06T18:00:00,【光の中へ - 結束バンド】たいこで叩いてみた｜たいこでヒットソング#shorts #光の中へ #結束バンド #ぼっちざろっく  #たいこでヒットソング,たいこでヒットソング,836,0.0,free,,0,無
2027-02-07T18:00:00,【愛の花 - あいみょん】たいこで叩いてみた｜たいこでヒットソング#shorts #愛の花 #あいみょん #たいこでヒットソング,たいこでヒットソング,786,0.0,free,,0,無
2027-02-08T18:00:00,【I Wish - なにわ男子】たいこで叩いてみた｜たいこでヒットソング#shorts #iwish  #なにわ男子 #たいこでヒットソング,たいこでヒットソング,513,0.0,free,,0,無
2027-02-09T18:00:00,【ただ君に晴れ - ヨルシカ】たいこで叩いてみた｜たいこでヒットソング#shorts #ただ君に晴れ #ヨルシカ #たいこでヒットソング,たいこでヒットソング,703,0.0,free,,0,無
2027-02-10T18:00:00,【寝起きヤシの木 - ゆこぴ】たいこで叩いてみた｜たいこでヒットソング#shorts #寝起きヤシの木 #ゆこぴ #たいこでヒットソング,たいこでヒットソング,886,0.0,free,,0,無
2027-02-11T18:00:00,【乙女解剖 - DECO*27】たいこで叩いてみた｜たいこでヒットソング#shorts #乙女解剖 #deco27 #初音ミク #たいこでヒットソング,たいこでヒットソング,587,0.0,free,,0,無
2027-02-12T18:00:00,【Melody - 8LOOM】たいこで叩いてみた｜たいこでヒットソング#shorts #melody  #8loom  #たいこでヒットソング,たいこでヒットソング,537,0.0,free,,0,無
2027-02-13T18:00:00,【晩餐歌 - tuki.】たいこで叩いてみた｜たいこでヒットソング#shorts #晩餐歌 #tuki #たいこでヒットソング,たいこでヒットソング,711,0.0,free,,0,無
2027-02-14T18:00:00,【逆光 - ウタ(Ado)】たいこで叩いてみた｜たいこでヒットソング#shorts #逆光 #ウタ #ado #vaundy  #たいこでヒットソング,たいこでヒットソング,474,0.0,free,,0,無
2027-02-15T18:00:00,【ネクタリン - マカロニえんぴつ】たいこで叩いてみた｜たいこでヒットソング#shorts #ネクタリン #マカロニえんぴつ #天才てれびくん #たいこでヒットソング,たいこでヒットソング,47779,0.0,free,,0,無
2027-02-16T18:00:00,【NEW Smile - JO1】たいこで叩いてみた｜たいこでヒットソング#shorts #newsmile  #jo1  #たいこでヒットソング,たいこでヒットソング,571,0.0,free,,0,無
2027-02-17T18:00:00,【バイオレンス - 女王蜂】たいこで叩いてみた｜たいこでヒットソング#shorts #バイオレンス #女王蜂 #チェンソーマン #たいこでヒットソング,たいこでヒットソング,751,0.0,free,,0,無
2027-02-18T18:00:00,【ショコラカタブラ - Ado】たいこで叩いてみた｜たいこでヒットソング#shorts #ショコラカタブラ #ado  #たいこでヒットソング,たいこでヒットソング,1147,0.0,free,,0,無
2027-02-19T18:00:00,【W - Snow Man】たいこで叩いてみた｜たいこでヒットソング#shorts #W #snowman  #たいこでヒットソング,たいこでヒットソング,1702,0.0,free,,0,無
2027-02-20T18:00:00,【ロマンスの神様 - 広瀬香美】たいこで叩いてみた｜たいこでヒットソング#shorts #ロマンスの神様  #広瀬香美 #たいこでヒットソング,たいこでヒットソング,1419,0.0,free,,0,無
2027-02-21T18:00:00,【NIGHT DANCER - imase】たいこで叩いてみた｜たいこでヒットソング#shorts #nightdancer  #imase  #たいこでヒットソング,たいこでヒットソング,805,0.0,free,,0,無
2027-02-22T18:00:00,【燈 - 崎山 蒼志】たいこで叩いてみた｜たいこでヒットソング#shorts #燈 #崎山蒼志  #呪術廻戦 #たいこでヒットソング,たいこでヒットソング,1595,0.0,free,,0,無
2027-02-23T18:00:00,【おひとりさま天国 - 乃木坂46】たいこで叩いてみた｜たいこでヒットソング#shorts #おひとりさま天国 #乃木坂46 #たいこでヒットソング,たいこでヒットソング,1572,0.0,free,,0,無
2027-02-24T18:00:00,【青春チョコレート - すとぷり】たいこで叩いてみた｜たいこでヒットソング#shorts #青春チョコレート #すとぷり #バレンタイン #ハッピーバレンタイン #たいこでヒットソング,たいこでヒットソング,3680,0.0,free,,0,無
2027-02-25T18:00:00,【ビターチョコデコレーション - syudou】たいこで叩いてみた｜たいこでヒットソング#shorts #ビターチョコデコレーション #syudou  #たいこでヒットソング,たいこでヒットソング,626,0.0,free,,0,無
2027-02-26T18:00:00,【ラムのラブソング - 松谷祐子】たいこで叩いてみた｜たいこでヒットソング#shorts #ラムのラブソング #松谷祐子 #たいこでヒットソング,たいこでヒットソング,1278,0.0,free,,0,無
2027-02-27T18:00:00,【I Wish - なにわ男子】たいこで叩いてみた｜たいこでヒットソング#shorts #iwish  #なにわ男子 #たいこでヒットソング,たいこでヒットソング,1262,0.0,free,,0,無
2027-02-28T18:00:00,【魔法少女とチョコレゐト - ピノキオピー】たいこで叩いてみた｜たいこでヒットソング#shorts #魔法少女とチョコレゐト  #ピノキオピー  #たいこでヒットソング,たいこでヒットソング,1936,0.0,free,,0,無
2027-03-01T18:00:00,【キュン - 日向坂46】たいこで叩いてみた｜たいこでヒットソング#shorts #キュン #日向坂46 #たいこでヒットソング,たいこでヒットソング,614,0.0,free,,0,無
2027-03-02T18:00:00,【ソングオブザデッド - KANA-BOON】たいこで叩いてみた｜たいこでヒットソング#shorts #ソングオブザデッド #kanaboon  #たいこでヒットソング,たいこでヒットソング,1003,0.0,free,,0,無
2027-03-03T18:00:00,【聖者の行進 - キタニタツヤ】たいこで叩いてみた｜たいこでヒットソング#shorts #聖者の行進 #キタニタツヤ #たいこでヒットソング,たいこでヒットソング,559,0.0,free,,0,無
2027-03-04T18:00:00,【スキスキ星人 - すとぷり】たいこで叩いてみた｜たいこでヒットソング#shorts #スキスキ星人 #すとぷり #たいこでヒットソング,たいこでヒットソング,3654,0.0,free,,0,無
2027-03-05T18:00:00,【Happiness - 嵐】たいこで叩いてみた｜たいこでヒットソング#shorts #happiness  #嵐 #たいこでヒットソング,たいこでヒットソング,1463,0.0,free,,0,無
2027-03-06T18:00:00,【アスノヨゾラ哨戒班 - Orangestar】たいこで叩いてみた｜たいこでヒットソング#shorts #アスノヨゾラ哨戒班 #orangestar  #たいこでヒットソング,たいこでヒットソング,1572,0.0,free,,0,無
2027-03-07T18:00:00,【ミライチズ - 夜のひと笑い】たいこで叩いてみた｜たいこでヒットソング#shorts #ミライチズ #夜のひと笑い #たいこでヒットソング,たいこでヒットソング,884,0.0,free,,0,無
2027-03-08T18:00:00,【高嶺の花子さん - back number】たいこで叩いてみた｜たいこでヒットソング#こっから #shorts #高嶺の花子さん #backnumber  #たいこでヒットソング,たいこでヒットソング,1262,0.0,free,,0,無
2027-03-09T18:00:00,【シュガーソングとビターステップ - UNISON SQUARE GARDEN】たいこで叩いてみた｜メロディ#shorts #シュガーソングとビターステップ #たいこでヒットソング,たいこでヒットソング,1308,0.0,free,,0,無
2027-03-10T18:00:00,【粛聖!!ロリ神レクイエム☆ - しぐれうい】たいこで叩いてみた｜メロディ#shorts #粛聖ロリ神レクイエム #しぐれうい #たいこでヒットソング,たいこでヒットソング,3651,0.0,free,,0,無
2027-03-11T18:00:00,【ツキヨミ - King & Prince】たいこで叩いてみた｜メロディ#shorts #ツキヨミ #kingandprince  #たいこでヒットソング,たいこでヒットソング,557,0.0,free,,0,無
2027-03-12T18:00:00,【ドライフラワー - 優里】たいこで叩いてみた｜メロディ#shorts #ドライフラワー #優里 #たいこでヒットソング,たいこでヒットソング,805,0.0,free,,0,無
2027-03-13T18:00:00,【男の子のために可愛いだけじゃない！ - 星乃夢奈】たいこで叩いてみた｜メロディ#shorts #男の子のために可愛いだけじゃない #星乃夢奈 #たいこでヒットソング,たいこでヒットソング,805,0.0,free,,0,無
2027-03-14T18:00:00,【今 -明日 世界が終わっても- - SEVENTEEN】たいこで叩いてみた｜メロディ#shorts #今明日世界が終わっても #seventeen  #たいこでヒットソング,たいこでヒットソング,804,0.0,free,,0,無
2027-03-15T18:00:00,【推し★ごと - HoneyWorks】たいこで叩いてみた｜メロディ#shorts #推しごと #HoneyWorks #かぴ #たいこでヒットソング,たいこでヒットソング,450,0.0,free,,0,無
2027-03-16T18:00:00,【天ノ弱 - 164】たいこで叩いてみた｜メロディ#shorts #天ノ弱 #164 #gumi  #たいこでヒットソング,たいこでヒットソング,2549,0.0,free,,0,無
2027-03-17T18:00:00,【紅蓮の弓矢 - Linked Horizon】たいこで叩いてみた｜メロディ#shorts #紅蓮の弓矢 #linkedhorizon #進撃の巨人  #たいこでヒットソング,たいこでヒットソング,425,0.0,free,,0,無
2027-03-18T18:00:00,【Pretender - Official髭男dism】たいこで叩いてみた｜メロディ#shorts #pretender  #official髭男dism #たいこでヒットソング,たいこでヒットソング,571,0.0,free,,0,無
2027-03-19T18:00:00,【RUN - Sexy Zone】たいこで叩いてみた｜メロディ#shorts #run  #SexyZone #たいこでヒットソング,たいこでヒットソング,514,0.0,free,,0,無
2027-03-20T18:00:00,【花になって - 緑黄色社会】たいこで叩いてみた｜メロディ#shorts #花になって  #緑黄色社会 #たいこでヒットソング,たいこでヒットソング,1804,0.0,free,,0,無
2027-03-21T18:00:00,【ひろがるスカイ!プリキュア~HERO GIRLS~ - 石井あみ】たいこで叩いてみた｜メロディ#shorts #ひろがるスカイプリキュア  #石井あみ #たいこでヒットソング,たいこでヒットソング,1733,0.0,free,,0,無
2027-03-22T18:00:00,【恋 - 星野源】たいこで叩いてみた｜メロディ#shorts #恋 #星野源 #逃げるは恥だが役に立つ  #たいこでヒットソング,たいこでヒットソング,626,0.0,free,,0,無
2027-03-23T18:00:00,【シャルル - バルーン】たいこで叩いてみた｜メロディ#shorts #シャルル #バルーン #たいこでヒットソング,たいこでヒットソング,1047,0.0,free,,0,無
2027-03-24T18:00:00,【Bling-Bang-Bang-Born -Creepy Nuts】たいこで叩いてみた｜メロディ#shorts #BlingBangBangBorn #creepynuts  #たいこでヒットソング,たいこでヒットソング,1323,0.0,free,,0,無
2027-03-25T18:00:00,【美少女無罪♡パイレーツ - 宝鐘マリン】たいこで叩いてみた｜メロディ#shorts #美少女無罪パイレーツ #宝鐘マリン #たいこでヒットソング,たいこでヒットソング,381,0.0,free,,0,無
2027-03-26T18:00:00,【最高到達点 - SEKAI NO OWARI】たいこで叩いてみた｜メロディ#shorts #最高到達点 #sekainoowari  #たいこでヒットソング,たいこでヒットソング,5894,0.0,free,,0,無
2027-03-27T18:00:00,【ウィークエンダー - Hey!Say!JUMP】たいこで叩いてみた｜メロディ#shorts #ウィークエンダー #heysayjump  #たいこでヒットソング,たいこでヒットソング,1515,0.0,free,,0,無
2027-03-28T18:00:00,【ドキメキダイアリー - asmi feat.Chinozo】たいこで叩いてみた｜メロディ#shorts #ドキメキダイアリー #asmi #chinozo  #たいこでヒットソング,たいこでヒットソング,1308,0.0,free,,0,無
2027-03-29T18:00:00,【ファジーネーブル - Conton Candy】たいこで叩いてみた｜メロディ#shorts #ファジーネーブル #contoncandy  #たいこでヒットソング #リズムゲーム,たいこでヒットソング,699,0.0,free,,0,無
2027-03-30T18:00:00,【BIRI-BIRI - YOASOBI】たいこで叩いてみた｜たいこでヒットソング#こっから #shorts #biribiri  #yoasobi  #たいこでヒットソング,たいこでヒットソング,988,0.0,free,,0,無
2027-03-31T18:00:00,【STAR☆T☆RAIN - B小町】たいこで叩いてみた｜メロディ#shorts #startrain  #B小町 #たいこでヒットソング,たいこでヒットソング,938,0.0,free,,0,無
2027-04-01T18:00:00,【ハピネス - AI】たいこで叩いてみた｜メロディ#shorts #ハピネス #ai  #たいこでヒットソング,たいこでヒットソング,2036,0.0,free,,0,無
2027-04-02T18:00:00,【こっから - SixTONES】たいこで叩いてみた｜メロディ#shorts #こっから  #sixtones  #たいこでヒットソング,たいこでヒットソング,710,0.0,free,,0,無
2027-04-03T18:00:00,【めざせポケモンマスター - リカ】たいこで叩いてみた｜メロディ#shorts #めざせポケモンマスター  #リカ #ポケモン #たいこでヒットソング,たいこでヒットソング,714,0.0,free,,0,無
2027-04-04T18:00:00,【パプリカ - Foorin】たいこで叩いてみた｜メロディ#shorts #パプリカ #foorin  #たいこでヒットソング,たいこでヒットソング,1854,0.0,free,,0,無
2027-04-05T18:00:00,【SPECIALZ - King Gnu】たいこで叩いてみた｜メロディ#shorts #specialz  #kinggnu  #たいこでヒットソング,たいこでヒットソング,752,0.0,free,,0,無
2027-04-06T18:00:00,【第ゼロ感 - 10-FEET】たいこで叩いてみた｜メロディ#shorts #第ゼロ感 #10feet #スラムダンク #slamdunk #たいこでヒットソング,たいこでヒットソング,3115,0.0,free,,0,無
2027-04-07T18:00:00,【DANZEN!ふたりはプリキュア - 五條真由美】たいこで叩いてみた｜メロディ#shorts #DANZENふたりはプリキュア #ふたりはプリキュア #五條真由美 #たいこでヒットソング,たいこでヒットソング,1463,0.0,free,,0,無
2027-04-08T18:00:00,【大好きになればいいんじゃない？ - すとぷり】たいこで叩いてみた｜メロディ#shorts #大好きになればいいんじゃない #すとぷり #たいこでヒットソング,たいこでヒットソング,1595,0.0,free,,0,無
2027-04-09T18:00:00,【CITRUS - Da-iCE】たいこで叩いてみた｜メロディ#shorts #citrus  #daice  #たいこでヒットソング,たいこでヒットソング,1095,0.0,free,,0,無
2027-04-10T18:00:00,【千本桜 激ムズ】たいこで叩いてみた｜メロディ#shorts #千本桜 #ボカロ #たいこでヒットソング,たいこでヒットソング,1595,0.0,free,,0,無
2027-04-11T18:00:00,【勇者 - YOASOBI】たいこで叩いてみた｜#shorts #勇者 #yoasobi #葬送のフリーレン #たいこでヒットソング,たいこでヒットソング,2803,0.0,free,,0,無
2027-04-12T18:00:00,【にんげんっていいな - 中島 義実】たいこで叩いてみた｜メロディ#shorts #にんげんっていいな #中島義実 #たいこでヒットソング,たいこでヒットソング,3231,0.0,free,,0,無
2027-04-13T18:00:00,【シンデレラガール - King & Prince】たいこで叩いてみた｜メロディ#shorts #シンデレラガール #kingandprince Prince #たいこでヒットソング,たいこでヒットソング,586,0.0,free,,0,無
2027-04-14T18:00:00,【残酷な天使のテーゼ - 高橋洋子】たいこで叩いてみた｜メロディ#shorts #残酷な天使のテーゼ #高橋洋子 #たいこでヒットソング,たいこでヒットソング,2951,0.0,free,,0,無
2027-04-15T18:00:00,【となりのトトロ - 井上あずみ】たいこで叩いてみた｜メロディ#shorts #となりのトトロ #井上あずみ #たいこでヒットソング,たいこでヒットソング,1732,0.0,free,,0,無
2027-04-16T18:00:00,【勇気100% - 光GENJI】たいこで叩いてみた｜メロディ#shorts #勇気100% #光GENJI #たいこでヒットソング,たいこでヒットソング,1805,0.0,free,,0,無
2027-04-17T18:00:00,【青のすみか - キタニタツヤ】たいこで叩いてみた｜メロディ#shorts #青のすみか #キタニタツヤ #たいこでヒットソング,たいこでヒットソング,1214,0.0,free,,0,無
2027-04-18T18:00:00,【白日 - King Gnu】たいこで叩いてみた｜メロディ#shorts #白日 #KingGnu #たいこでヒットソング,たいこでヒットソング,649,0.0,free,,0,無
2027-04-19T18:00:00,【LADY - 米津玄師】たいこで叩いてみた｜メロディ#shorts #lady  #米津玄師 #たいこでヒットソング,たいこでヒットソング,752,0.0,free,,0,無
2027-04-20T18:00:00,【唱 - Ado】たいこで叩いてみた｜メロディ#shorts #唱 #ado  #たいこでヒットソング,たいこでヒットソング,3392,0.0,free,,0,無
2027-04-21T18:00:00,【新宝島 - サカナクション】たいこで叩いてみた｜メロディ#shorts #新宝島 #サカナクション #たいこでヒットソング,たいこでヒットソング,805,0.0,free,,0,無
2027-04-22T18:00:00,【人マニア - 原口沙輔】たいこで叩いてみた｜メロディ#shorts #人マニア #原口沙輔 #たいこでヒットソング,たいこでヒットソング,4561,0.0,free,,0,無
2027-04-23T18:00:00,【サチアレ - なにわ男子】たいこで叩いてみた｜メロディ#shorts #サチアレ #なにわ男子 #たいこでヒットソング,たいこでヒットソング,2151,0.0,free,,0,無
2027-04-24T18:00:00,【風になる - つじあやの】たいこで叩いてみた｜メロディ#shorts #風になる  #つじあやの #たいこでヒットソング,たいこでヒットソング,626,0.0,free,,0,無
2027-04-25T18:00:00,【世界に一つだけの花 - SMAP】たいこで叩いてみた｜メロディ#shorts #世界に一つだけの花 #smap  #たいこでヒットソング,たいこでヒットソング,649,0.0,free,,0,無
2027-04-26T18:00:00,【僕らまた - SG】たいこで叩いてみた｜メロディ#shorts #僕らまた #sg  #たいこでヒットソング,たいこでヒットソング,3172,0.0,free,,0,無
2027-04-27T18:00:00,【Starting Over - sumika】たいこで叩いてみた｜メロディ#shorts #startingover  #sumika  #たいこでヒットソング,たいこでヒットソング,491,0.0,free,,0,無
2027-04-28T18:00:00,【グラデーション - SUPER BEAVER】たいこで叩いてみた｜メロディ#shorts #グラデーション #SUPERBEAVER #たいこでヒットソング,たいこでヒットソング,380,0.0,free,,0,無
2027-04-29T18:00:00,【わたしの一番かわいいところ - FRUITS ZIPPER】たいこで叩いてみた｜メロディ#shorts #わたしの一番かわいいところ #FRUITSZIPPER #たいこでヒットソング,たいこでヒットソング,1463,0.0,free,,0,無
2027-04-30T18:00:00,【さよならエレジー - 菅田将暉】たいこで叩いてみた｜メロディ#shorts #さよならエレジー #菅田将暉 #たいこでヒットソング,たいこでヒットソング,861,0.0,free,,0,無
2027-05-01T18:00:00,【青春コンプレックス - 結束バンド】たいこで叩いてみた｜メロディ#shorts #青春コンプレックス #結束バンド #たいこでヒットソング,たいこでヒットソング,1262,0.0,free,,0,無
2027-05-02T18:00:00,【小さな恋のうた - MONGOL800】たいこで叩いてみた｜メロディ#shorts #小さな恋のうた #mongol800  #たいこでヒットソング,たいこでヒットソング,2506,0.0,free,,0,無
2027-05-03T18:00:00,【アイワナムチュー - MAISONdes】たいこで叩いてみた｜メロディ#shorts #アイワナムチュー #maisondes  #たいこでヒットソング,たいこでヒットソング,886,0.0,free,,0,無
2027-05-04T18:00:00,【ヘビーローテーション - AKB48】たいこで叩いてみた｜メロディ#shorts #ヘビーローテーション #akb48  #たいこでヒットソング,たいこでヒットソング,2463,0.0,free,,0,無
2027-05-05T18:00:00,【粉雪 - レミオロメン】たいこで叩いてみた｜メロディ#shorts #粉雪 #レミオロメン #たいこでヒットソング,たいこでヒットソング,2306,0.0,free,,0,無
2027-05-06T18:00:00,【スノーマジックファンタジー - SEKAI NO OWARI】たいこで叩いてみた｜メロディ#shorts #スノーマジックファンタジー #sekainoowari  #たいこでヒットソング,たいこでヒットソング,649,0.0,free,,0,無
2027-05-07T18:00:00,【ホワイトキス - 鈴木鈴木】たいこで叩いてみた｜メロディ#shorts #ホワイトキス #鈴木鈴木 #たいこでヒットソング,たいこでヒットソング,710,0.0,free,,0,無
2027-05-08T18:00:00,【silent - SEKAI NO OWARI】たいこで叩いてみた｜メロディ#shorts #silent  #sekainoowari  #たいこでヒットソング,たいこでヒットソング,886,0.0,free,,0,無
2027-05-09T18:00:00,【クリスマスソング - back number】たいこで叩いてみた｜メロディ#shorts #クリスマスソング #backnumber #たいこでヒットソング,たいこでヒットソング,938,0.0,free,,0,無
2027-05-10T18:00:00,【サインはB - B小町】たいこで叩いてみた｜メロディ#shorts #サインはb  #B小町 #たいこでヒットソング,たいこでヒットソング,2555,0.0,free,,0,無
2027-05-11T18:00:00,【死ぬな！ - こっちのけんと】たいこで叩いてみた｜メロディ#shorts #死ぬな #こっちのけんと #たいこでヒットソング,たいこでヒットソング,2802,0.0,free,,0,無
2027-05-12T18:00:00,【やさしさに包まれたなら - 荒井由実】たいこで叩いてみた｜メロディ#shorts #やさしさに包まれたなら #荒井由実 #たいこでヒットソング,たいこでヒットソング,336,0.0,free,,0,無
2027-05-13T18:00:00,【Stardom - King Gnu】たいこで叩いてみた｜メロディ#shorts #stardom  #kinggnu  #たいこでヒットソング,たいこでヒットソング,786,0.0,free,,0,無
2027-05-14T18:00:00,【Mela! - 緑黄色社会】たいこで叩いてみた｜メロディ#shorts #mela  #緑黄色社会 #たいこでヒットソング,たいこでヒットソング,1419,0.0,free,,0,無
2027-05-15T18:00:00,【スターマイン - Da-iCE】たいこで叩いてみた｜メロディ#shorts #スターマイン #daice  #たいこでヒットソング,たいこでヒットソング,2963,0.0,free,,0,無
2027-05-16T18:00:00,【絆ノ奇跡 - MAN WITH A MISSION × milet】たいこで叩いてみた｜メロディ#shorts #MANWITHAMISSION #milet  #たいこでヒットソング,たいこでヒットソング,861,0.0,free,,0,無
2027-05-17T18:00:00,【負けないで - ZARD】たいこで叩いてみた｜メロディ#shorts #負けないで 負けないで #ZARD #たいこでヒットソング,たいこでヒットソング,1308,0.0,free,,0,無
2027-05-18T18:00:00,【888月 ~夏にも程がある~ - リサイタルズ】たいこで叩いてみた｜メロディ#shorts #888月 #リサイタルズ #たいこでヒットソング,たいこでヒットソング,1003,0.0,free,,0,無
2027-05-19T18:00:00,【Love so sweet - アーティスト名】たいこで叩いてみた｜メロディ#shorts #lovesosweet  #嵐 #たいこでヒットソング,たいこでヒットソング,491,0.0,free,,0,無
2027-05-20T18:00:00,【一途 - King Gnu】たいこで叩いてみた｜メロディ#shorts #一途 #KingGnu #たいこでヒットソング,たいこでヒットソング,886,0.0,free,,0,無
2027-05-21T18:00:00,【ミックスナッツ - Official髭男dism】たいこで叩いてみた｜メロディ#shorts #ミックスナッツ #Official髭男dism #たいこでヒットソング,たいこでヒットソング,863,0.0,free,,0,無
2027-05-22T18:00:00,【ひまわりの約束 - 秦基博】たいこで弾いてみた｜メロディ#shorts #ひまわりの約束 #秦基博 #たいこでヒットソング,たいこでヒットソング,380,0.0,free,,0,無
2027-05-23T18:00:00,【RPG - SEKAI NO OWARI】たいこで弾いてみた｜メロディ#shorts #リンジュー・ラヴ #マカロニえんぴつ #たいこでヒットソング,たいこでヒットソング,539,0.0,free,,0,無
2027-05-24T18:00:00,【メフィスト - 女王蜂】たいこで弾いてみた｜メロディ#shorts #メフィスト #女王蜂 #たいこでヒットソング,たいこでヒットソング,805,0.0,free,,0,無
2027-05-25T18:00:00,【Baby you - 有華】たいこで弾いてみた｜メロディ#shorts #babyyou  #有華 #たいこでヒットソング,たいこでヒットソング,754,0.0,free,,0,無
2027-05-26T18:00:00,【Overdose - なとり】たいこで弾いてみた｜メロディ#shorts #overdose  #なとり #たいこでヒットソング,たいこでヒットソング,786,0.0,free,,0,無
2027-05-27T18:00:00,【天体観測 - BUMP OF CHICKEN】たいこで弾いてみた｜メロディ#shorts #天体観測 #bumpofchicken  #たいこでヒットソング,たいこでヒットソング,626,0.0,free,,0,無
2027-05-28T18:00:00,【怪獣の花唄 - Vaundy】たいこで弾いてみた｜メロディ#shorts #怪獣の花唄 #vaundy  #たいこでヒットソング,たいこでヒットソング,2153,0.0,free,,0,無
2027-05-29T18:00:00,【キセキ - GReeeeN】たいこで弾いてみた｜メロディ#shorts #キセキ #greeeen  #たいこでヒットソング,たいこでヒットソング,3955,0.0,free,,0,無
2027-05-30T18:00:00,【らぶびーむ！！ - たかやん】たいこで弾いてみた｜メロディ#shorts #らぶびーむ  #たかやん #たいこでヒットソング,たいこでヒットソング,1693,0.0,free,,0,無
2027-05-31T18:00:00,【インフェルノ - Mrs. GREEN APPLE】たいこで弾いてみた｜メロディ#shorts #インフェルノ #mrsgreenapple  #たいこでヒットソング,たいこでヒットソング,1008,0.0,free,,0,無
2027-06-01T18:00:00,【ファンサ - HoneyWorks】たいこで弾いてみた｜メロディ#shorts #ファンサ #honeyworks  #たいこでヒットソング,たいこでヒットソング,3960,0.0,free,,0,無
2027-06-02T18:00:00,【ツバメ - YOASOBI】たいこで弾いてみた｜メロディ#shorts #ツバメ #yoasobi  #たいこでヒットソング,たいこでヒットソング,2540,0.0,free,,0,無
2027-06-03T18:00:00,【シル・ヴ・プレジデント - P丸様。】たいこで弾いてみた｜メロディ#shorts #シルヴプレジデント #P丸様 #たいこでヒットソング,たいこでヒットソング,2246,0.0,free,,0,無
2027-06-04T18:00:00,【炎 - LiSA】たいこで弾いてみた｜メロディ#shorts #炎 #lisa #鬼滅の刃 #たいこでヒットソング,たいこでヒットソング,2427,0.0,free,,0,無
2027-06-05T18:00:00,【生きる - 水野あつ】たいこで弾いてみた｜メロディ#shorts #生きる #水野あつ #たいこでヒットソング,たいこでヒットソング,4739,0.0,free,,0,無
2027-06-06T18:00:00,【踊 - Ado】たいこで弾いてみた｜メロディ#shorts #踊 #ado  #たいこでヒットソング,たいこでヒットソング,2631,0.0,free,,0,無
2027-06-07T18:00:00,【いばら - Ado】たいこで弾いてみた｜メロディ#shorts #いばら #ado  #たいこでヒットソング,たいこでヒットソング,2946,0.0,free,,0,無
2027-06-08T18:00:00,【1・2・3 - After the Rain 】たいこで弾いてみた｜メロディ#shorts #123  #After the Rain #そらる #まふまふ #たいこでヒットソング,たいこでヒットソング,3263,0.0,free,,0,無
2027-06-09T18:00:00,【初心LOVE - なにわ男子】たいこで弾いてみた｜メロディ#shorts #初心LOVE #なにわ男子 #たいこでヒットソング,たいこでヒットソング,2456,0.0,free,,0,無
2027-06-10T18:00:00,【SOUVENIR - BUMP OF CHICKEN】たいこで叩いてみた#shorts #souvenir  #bumpofchicken #spyxfamily #たいこでヒットソング,たいこでヒットソング,2558,0.0,free,,0,無
2027-06-11T18:00:00,【崖の上のポニョ - 藤岡藤巻と大橋のぞみ】たいこで弾いてみた｜メロディ#shorts #崖の上のポニョ #藤岡藤巻と大橋のぞみ #たいこでヒットソング,たいこでヒットソング,862,0.0,free,,0,無
2027-06-12T18:00:00,【強風オールバック - ゆこぴ】たいこで弾いてみた｜メロディ#shorts #強風オールバック #ゆこぴ  #たいこでヒットソング,たいこでヒットソング,4985,0.0,free,,0,無
2027-06-13T18:00:00,【ビリミリオン - 優里】たいこで弾いてみた｜メロディ#shorts #ビリミリオン #優里 #たいこでヒットソング,たいこでヒットソング,3453,0.0,free,,0,無
2027-06-14T18:00:00,【ただ声一つ - ロクデナシ】たいこで弾いてみた｜メロディ#shorts #ただ声一つ  #ロクデナシ #たいこでヒットソング,たいこでヒットソング,1621,0.0,free,,0,無
2027-06-15T18:00:00,【チグハグ - THE SUPER FRUIT】たいこで弾いてみた｜メロディ#shorts #チグハグ #thesuperfruit  #たいこでヒットソング,たいこでヒットソング,1978,0.0,free,,0,無
2027-06-16T18:00:00,【美しい鰭 - スピッツ】たいこで弾いてみた｜メロディ#shorts #美しい鰭 #スピッツ #たいこでヒットソング,たいこでヒットソング,836,0.0,free,,0,無
2027-06-17T18:00:00,【タペストリー - Snow Man】たいこで弾いてみた｜メロディ#shorts #タペストリー #snowman  #たいこでヒットソング,たいこでヒットソング,2127,0.0,free,,0,無
2027-06-18T18:00:00,【アンパンマンのマーチ - ドリーミング】たいこで弾いてみた｜メロディ#shorts #アンパンマンのマーチ #ドリーミング #それいけアンパンマン #たいこでヒットソング,たいこでヒットソング,4982,0.0,free,,0,無
2027-06-19T18:00:00,【夢をかなえてドラえもん - mao】たいこで弾いてみた｜メロディ#shorts #夢をかなえてドラえもん  #mao #ドラえもん  #たいこでヒットソング,たいこでヒットソング,5180,0.0,free,,0,無
2027-06-20T18:00:00,【ドラえもん - 星野源】たいこで弾いてみた｜メロディ#shorts #ドラえもん  #星野源 #たいこでヒットソング,たいこでヒットソング,4279,0.0,free,,0,無
2027-06-21T18:00:00,【夜に駆ける - YOASOBI】たいこで弾いてみた｜メロディ#shorts #夜に駆ける #yoasobi  #たいこでヒットソング,たいこでヒットソング,2036,0.0,free,,0,無
2027-06-22T18:00:00,【新時代 - ウタ(Ado)】たいこで弾いてみた｜メロディ#shorts #新時代 #ウタ #ado  #たいこでヒットソング,たいこでヒットソング,3641,0.0,free,,0,無
2027-06-23T18:00:00,【Subtitle - Official髭男dism】たいこで弾いてみた｜メロディ#shorts #subtitle  #Official髭男dism #たいこでヒットソング,たいこでヒットソング,986,0.0,free,,0,無
2027-06-24T18:00:00,【紅蓮華 - LiSA】たいこで弾いてみた｜メロディ#shorts #紅蓮華 #lisa #鬼滅の刃 #たいこでヒットソング,たいこでヒットソング,3177,0.0,free,,0,無
2027-06-25T18:00:00,【マーシャル・マキシマイザー - 柊マグネタイト】たいこで弾いてみた｜メロディ#shorts #マーシャルマキシマイザー #柊マグネタイト #たいこでヒットソング,たいこでヒットソング,2881,0.0,free,,0,無
2027-06-26T18:00:00,【おどるポンポコリン - ちびまる子ちゃん】たいこで弾いてみた｜メロディ#shorts #おどるポンポコリン #ちびまる子ちゃん #たいこでヒットソング,たいこでヒットソング,1786,0.0,free,,0,無
2027-06-27T18:00:00,【テレキャスタービーボーイ - すりぃ】たいこで弾いてみた｜メロディ#shorts #テレキャスタービーボーイ #すりぃ #たいこでヒットソング,たいこでヒットソング,1310,0.0,free,,0,無
2027-06-28T18:00:00,【ヴァンパイア - DECO*27】たいこで弾いてみた｜メロディ#shorts #ヴァンパイア #deco27  #たいこでヒットソング,たいこでヒットソング,3971,0.0,free,,0,無
2027-06-29T18:00:00,【青と夏 - Mrs. GREEN APPLE】たいこで弾いてみた｜メロディ#shorts #青と夏 #mrsgreenapple  #たいこでヒットソング,たいこでヒットソング,4788,0.0,free,,0,無
2027-06-30T18:00:00,【KING - Kanaria】たいこで弾いてみた｜メロディ#shorts #king  #kanaria  #たいこでヒットソング,たいこでヒットソング,4985,0.0,free,,0,無
2027-07-01T18:00:00,【ビートdeトーヒ - ハマいく】たいこで弾いてみた｜メロディ#shorts #ビートdeトーヒ #ハマいく #たいこでヒットソング,たいこでヒットソング,4936,0.0,free,,0,無
2027-07-02T18:00:00,【ウィーアー！ - きただにひろし】たいこで弾いてみた｜メロディ#shorts #ウィーアー  #きただにひろし #たいこでヒットソング,たいこでヒットソング,5597,0.0,free,,0,無
2027-07-03T18:00:00,【可愛くてごめん - HoneyWorks】たいこで弾いてみた｜メロディ#shorts #可愛くてごめん #honeyworks  #たいこでヒットソング,たいこでヒットソング,4411,0.0,free,,0,無
2027-07-04T18:00:00,【マリーゴールド - あいみょん】たいこで弾いてみた｜メロディ#shorts #マリーゴールド #あいみょん #たいこでヒットソング,たいこでヒットソング,3172,0.0,free,,0,無
2027-07-05T18:00:00,【私は最強 - ウタ(Ado)】たいこで弾いてみた｜メロディ#shorts #私は最強 #ウタ #ado #たいこでヒットソング,たいこでヒットソング,4900,0.0,free,,0,無
2027-07-06T18:00:00,【オトナブルー - 新しい学校のリーダーズ】たいこで弾いてみた｜メロディ#shorts #オトナブルー #新しい学校のリーダーズ #たいこでヒットソング,たいこでヒットソング,3387,0.0,free,,0,無
2027-07-07T18:00:00,【怪物 - YOASOBI】たいこで弾いてみた｜メロディ#shorts #怪物 #yoasobi  #たいこでヒットソング,たいこでヒットソング,3860,0.0,free,,0,無
2027-07-08T18:00:00,【少女レイ - みきとP】たいこで弾いてみた｜メロディ#shorts #少女レイ #みきとp  #たいこでヒットソング,たいこでヒットソング,626,0.0,free,,0,無
2027-07-09T18:00:00,【KICK BACK - 米津玄師】ピアノで弾いてみた｜メロディ#shorts #kickback  #米津玄師 #たいこでヒットソング,たいこでヒットソング,1621,0.0,free,,0,無
2027-07-10T18:00:00,【打上花火 - DAOKO × 米津玄師】ピアノで弾いてみた｜メロディ#shorts #打上花火 #DAOKO #米津玄師  #たいこでヒットソング,たいこでヒットソング,1364,0.0,free,,0,無
2027-07-11T18:00:00,【なにもの - King & Prince】ピアノで弾いてみた｜メロディ#shorts #なにもの #kingandprince  #たいこでヒットソング,たいこでヒットソング,3113,0.0,free,,0,無
2027-07-12T18:00:00,【アイドル - YOASOBI】ピアノで弾いてみた｜メロディ#shorts #アイドル #yoasobi  #たいこでヒットソング,たいこでヒットソング,2782,0.0,free,,0,無
2027-07-13T18:00:00,【ダーリン - 須田景凪】ピアノで弾いてみた｜メロディ#shorts #ダーリン #須田景凪 #たいこでヒットソング,たいこでヒットソング,3786,0.0,free,,0,無
2027-07-14T18:00:00,【群青 - YOASOBI】ピアノで弾いてみた｜メロディ#shorts #群青 #yoasobi  #たいこでヒットソング,たいこでヒットソング,3598,0.0,free,,0,無
2027-07-15T18:00:00,【まぶた - Vaundy】ピアノで弾いてみた｜メロディ#shorts #まぶた #vaundy  #たいこでヒットソング,たいこでヒットソング,362,0.0,free,,0,無
2027-07-16T18:00:00,【愛を伝えたいだとか - あいみょん】ピアノで弾いてみた｜メロディ#shorts #愛を伝えたいだとか #あいみょん #たいこでヒットソング,たいこでヒットソング,996,0.0,free,,0,無
2027-07-17T18:00:00,【本当はね、 - ヤングスキニー】ピアノで弾いてみた｜メロディ#shorts #本当はね  #ヤングスキニー #たいこでヒットソング,たいこでヒットソング,532,0.0,free,,0,無
2027-07-18T18:00:00,【ブルーベリー・ナイツ - マカロニえんぴつ】ピアノで弾いてみた｜メロディ#shorts #ブルーベリーナイツ #マカロニえんぴつ #たいこでヒットソング,たいこでヒットソング,572,0.0,free,,0,無
2027-07-19T18:00:00,【ワタリドリ - [Alexandros]】ピアノで弾いてみた｜メロディ#shorts #ワタリドリ #alexandros  #たいこでヒットソング,たいこでヒットソング,3558,0.0,free,,0,無
2027-07-20T18:00:00,【ケセラセラ - Mrs. GREEN APPLE】ピアノで弾いてみた｜メロディ#shorts #ケセラセラ #mrsgreenapple  #たいこでヒットソング,たいこでヒットソング,2247,0.0,free,,0,無
2027-07-21T18:00:00,【リンジュー・ラヴ - マカロニえんぴつ】ピアノで弾いてみた｜メロディ#shorts #リンジュー・ラヴ #マカロニえんぴつ #たいこでヒットソング,たいこでヒットソング,785,0.0,free,,0,無
