順位,release_date,アーティスト名,曲名,動画タイトル,Video ID,再生数,高評価数,支持率(%),コメント数,急上昇度(views/day),公開日数,最適投稿日時,予測視聴数,信頼度スコア
1,2024/05/12,米津玄師,Lemon,米津玄師  Kenshi Yonezu  - Lemon,SX_ViT4Ra7k,953109198,3454735,0.36,285679,334541.7,2849,,0,0.0
2,2024/06/05,Eve,廻廻奇譚,廻廻奇譚 - Eve MV,1tk1pqwrOys,443099295,3108155,0.7,84349,239254.5,1852,,0,0.0
3,2024/01/27,Creepy Nuts,Bling-Bang-Bang-Born,Creepy Nuts｢Bling-Bang-Bang-Born｣ × TV Anime｢マッシュル-MASHLE-｣ Collaboration Music Video #BBBBダンス,mLW35YMzELE,436036655,2648408,0.61,47702,667743.7,653,,0,0.0
4,2021/08/05,Ado,うっせぇわ,【Ado】うっせぇわ,Qp3b-RXtz4w,397744026,3611463,0.91,239360,211566.0,1880,,0,0.0
5,2025/04/02,米津玄師,アイネクライネ,"米津玄師  - アイネクライネ , Kenshi Yonezu - Eine Kleine",-EKxzId_Sj4,367168195,1349301,0.37,62751,85827.1,4278,,0,0.0
6,2024/08/31,米津玄師,LOSER,"米津玄師 - LOSER , Kenshi Yonezu",Dx_fKPBPYUI,357217109,1413868,0.4,67165,105716.8,3379,,0,0.0
7,2024/05/22,RADWIMPS,前前前世,RADWIMPS - 前前前世 (movie ver.) [Official Music Video],PDSkFeMVNFs,346107561,1596505,0.46,112650,101617.0,3406,,0,0.0
8,2024/04/26,back number,水平線,back number - 水平線,iqEr3P78fz8,283958536,1154337,0.41,41593,145844.1,1947,,0,0.0
9,2024/04/22,Aimer,残響散歌,Aimer「Zankyosanka」MUSIC VIDEO（Demon Slayer:Kimetsu no Yaiba Entertainment District Arc Theme Song）,tLQLa6lM3Us,282683461,1421363,0.5,25151,192958.0,1465,,0,0.0
10,2024/01/20,SEKAI NO OWARI,Habit,SEKAI NO OWARI「Habit」,8OZDgBmehbA,237749821,1531896,0.64,45675,179028.5,1328,,0,0.0
11,2024/06/08,Mrs. GREEN APPLE,ライラック,Mrs. GREEN APPLE「ライラック」Official Music Video,QjrkrVmC-8M,209173959,911111,0.44,45145,341229.9,613,,0,0.0
12,2024/04/18,Official髭男dism,イエスタデイ,Official髭男dism - イエスタデイ［Official Video］,DuMqFknYHBs,207159931,797433,0.38,35088,90899.5,2279,,0,0.0
13,2024/04/21,Ado,ギラギラ,【Ado】ギラギラ,sOiMD45QGLs,205445200,1356522,0.66,44554,116333.6,1766,,0,0.0
14,2024/07/07,ヨルシカ,だから僕は音楽を辞めた,ヨルシカ - だから僕は音楽を辞めた (Music Video),KTZ-y85Erus,204376686,1288368,0.63,30484,83521.3,2447,,0,0.0
15,2023/12/03,WANIMA,ともに,WANIMA - ともに (OFFICIAL VIDEO),qag4ewos4TE,198169368,701833,0.35,27900,57825.9,3427,,0,0.0
16,2024/07/20,こっちのけんと,はいよろこんで,はいよろこんで / こっちのけんと MV,jzi6RNVEOtA,197544179,1861160,0.94,59159,347789.0,568,,0,0.0
17,2025/06/07,菅田将暉,虹,菅田将暉 『虹』,hkBbUf4oGfA,183937795,722279,0.39,25720,99587.3,1847,,0,0.0
18,2024/04/13,yama,春を告げる,yama - 春を告げる (Official Video),DC6JppqHkaM,183203631,1421594,0.78,28520,88504.2,2070,,0,0.0
19,2024/07/13,サツキ,メズマライザー,メズマライザー / 初音ミク・重音テトSV,19y8YTbvri8,172788731,1895047,1.1,110870,288944.4,598,,0,0.0
20,2024/11/12,藤井 風,きらり,Fujii Kaze - Kirari (Official Video),TcLLpZBWsck,165737150,1210472,0.73,37681,99243.8,1670,,0,0.0
21,2024/04/27,星街すいせい,ビビデバ,ビビデバ / 星街すいせい(official),8ZP5eqm4JqM,158491581,0,0.0,38593,249986.7,634,,0,0.0
22,2024/04/30,YOASOBI,たぶん,YOASOBI「たぶん」Official Music  Video,8iuLXODzL04,157856492,1635544,1.04,22337,79927.3,1975,,0,0.0
23,2022/08/23,音羽-otoha-,ダンスホール,Mrs. GREEN APPLE「ダンスホール」Official Music Video,x2rvSf0STBM,152987857,621691,0.41,12801,120748.1,1267,,0,0.0
24,2024/04/15,ずっと真夜中でいいのに。,秒針を噛む,ずっと真夜中でいいのに。『秒針を噛む』MV (ZUTOMAYO – Byoushinwo Kamu),GJI4Gv7NbmE,149737596,1153016,0.77,31703,54410.5,2752,,0,0.0
25,2021/09/08,FloweR,グッバイ宣言,Chinozo 'グッバイ宣言' feat.FloweR,dHXC_ahjtEE,149710565,1358369,0.91,84525,72219.3,2073,,0,0.0
26,2024/07/23,FANTASTICS from EXILE TRIBE,STARBOYS,Starboy,plnfIj7dkJE,148128483,1093818,0.74,4703,52940.8,2798,,0,0.0
27,2024/05/13,平野 綾,GOD KNOWS…,God knows... ''The Melancholy of Haruhi Suzumiya'' 【涼宮ハルヒの憂鬱】Kadokawa公認MAD【ﾍﾞｰｽ 演奏】,WWB01IuMvzA,131111380,738980,0.56,294253,22290.3,5882,,0,0.0
28,2024/05/31,Saucy Dog,シンデレラボーイ,Saucy Dog「シンデレラボーイ」Music Video ＜5th Mini Album「レイジーサンデー」2021.8.25 Release＞,IVbY5edMfCA,128891655,628045,0.49,9355,81628.7,1579,,0,0.0
29,2024/05/27,あいみょん,ハルノヒ,あいみょん – ハルノヒ【OFFICIAL MUSIC VIDEO】,pfGI91CFtRg,126194781,383208,0.3,13239,51529.1,2449,,0,0.0
30,2024/04/29,Snow Man,D.D.,Snow Man「D.D.」MV (YouTube ver.),rSD7jb4Xjq8,122599802,0,0.0,333108,56161.2,2183,,0,0.0
31,2024/04/24,ヨルシカ,春泥棒,ヨルシカ - 春泥棒（OFFICIAL VIDEO）,Sw1Flgub9s8,121211379,816925,0.67,25118,67264.9,1802,,0,0.0
32,2023/12/29,Snow Man,ブラザービート,Snow Man「ブラザービート」Music Video,LZW4zUmE0qY,117479651,0,0.0,86083,84822.9,1385,,0,0.0
33,2024/05/02,Ado,阿修羅ちゃん,【Ado】阿修羅ちゃん,cyq5-StPISU,113132961,905823,0.8,16436,74922.5,1510,,0,0.0
34,2023/01/27,ゲスの極み乙女。,私以外私じゃないの,ゲスの極み乙女「私以外私じゃないの」,Ae6gQmhaMn4,110761146,428562,0.39,30381,28363.9,3905,,0,0.0
35,2024/08/16,米津 玄師,さよーならまたいつか!,"米津玄師 - さよーならまたいつか！ Kenshi Yonezu - Sayonara, Mata Itsuka !",-wb2PAx6aEs,109263821,606932,0.56,28631,178244.4,613,,0,0.0
36,2024/07/02,Novelbright,ツキミソウ,Novelbright - ツキミソウ [Official Music Video],WAMxwRtNrPY,107483902,433209,0.4,10069,58702.3,1831,,0,0.0
37,2024/12/26,柊マグネタイト,テトリス,テトリス / 重音テトSV,Soy4jGPHr3g,102186434,877885,0.86,23372,253564.4,403,,0,0.0
38,2024/04/18,YOASOBI,三原色,YOASOBI「三原色」Official Music Video,nhOhFOoURnE,101221328,685101,0.68,15216,62213.5,1627,,0,0.0
39,2024/08/30,優里,かくれんぼ,AliA / かくれんぼ【Official Music Video】,oi8ArKYLwBY,98554034,791975,0.8,19707,39453.2,2498,,0,0.0
40,2024/04/14,いよわ feat.可不,きゅうくらりん,きゅうくらりん / いよわ feat.可不（Kyu-kurarin / Iyowa feat.Kafu）,2b1IexhKPz4,94882324,911743,0.96,29601,60434.6,1570,,0,0.0
41,2025/03/26,椎名 林檎,長く短い祭,椎名林檎 - 長く短い祭,3LVAmMxICoA,94004928,533663,0.57,13493,24829.6,3786,,0,0.0
42,2024/05/19,CHA-CHA,アンパンマンたいそう,アンパンマンたいそう （テレビサイズver.）［公式エンディングテーマ］,CaqHOvgAnO0,91268650,0,0.0,0,91451.6,998,,0,0.0
43,2024/06/16,吉田 夜世,オーバーライド,オーバーライド - 重音テトSV[吉田夜世],LLjfal8jCYI,90296993,684277,0.76,18853,120717.9,748,,0,0.0
44,2024/10/27,弌誠,モエチャッカファイア,モエチャッカファイア / 弌誠：MUSIC VIDEO,wZlv3qDPfjk,90058372,953875,1.06,19203,176239.5,511,,0,0.0
45,2025/09/06,Mrs. GREEN APPLE,StaRt,Mrs. GREEN APPLE - StaRt,OTUtF7ZxRN8,89843310,554373,0.62,20517,23550.0,3815,,0,0.0
46,2024/12/01,Creepy Nuts,オトノケ,Creepy Nuts - オトノケ(Otonoke) 【Official MV】 [Dandadan OP],tRwHpyOq4P4,89484737,1088756,1.22,23314,210552.3,425,,0,0.0
47,2024/05/07,稲葉曇,ラグトレイン,稲葉曇『ラグトレイン』Vo. 歌愛ユキ,UnIhRpIT7nc,88652149,1178330,1.33,21571,44796.4,1979,,0,0.0
48,2024/04/12,みきとP,ロキ,みきとP 『 ロキ 』 MV,Xg-qfsKN2_E,88073112,637999,0.72,25276,30913.7,2849,,0,0.0
49,2022/01/02,ピノキオピー,神っぽいな feat. 初音ミク,ピノキオピー - 神っぽいな feat. 初音ミク / God-ish,EHBFKhLUVig,87846186,843411,0.96,15938,56638.4,1551,,0,0.0
50,2024/10/12,YOASOBI,UNDEAD,YOASOBI「UNDEAD」 Official Music Video／『〈物語〉シリーズ オフ&モンスターシーズン』主題歌,Jj1_mfUzjOs,85064884,587676,0.69,12202,185731.2,458,,0,0.0
51,2024/08/23,Number_i,BON,Number_i - BON (Official Music Video),0kKd6fVPayU,81957801,241865,0.3,346341,144038.3,569,,0,0.0
52,2024/06/06,jon-YAKITORY,混沌ブギ,"混沌ブギ / jon-YAKITORY, 初音ミク -Konton Boogie / jon-YAKITORY, Hatsune Miku-",1Swg-aBO9eY,81845162,760654,0.93,21340,97550.8,839,,0,0.0
53,2024/05/06,Snow Man,Dangerholic,Snow Man「Dangerholic」Music Video YouTube Ver.,i-PnC1tYnGM,81535678,0,0.0,42041,93504.2,872,,0,0.0
54,2024/04/08,Reol,第六感,Reol - '第六感 / THE SIXTH SENSE' Music Video,Ue6VQTcKPQo,80473238,773340,0.96,18168,40911.7,1967,,0,0.0
55,2022/01/09,DECO*27,ヒバナ,DECO*27 - ヒバナ feat. 初音ミク,hxSg2Ioz3LM,80303060,594109,0.74,21052,26277.2,3056,,0,0.0
56,2024/04/11,TK from 凛として時雨,unravel,TK from 凛として時雨 『unravel』 Music Video(Full Size),Fve_lHIPa-I,79303621,1059388,1.34,25124,40214.8,1972,,0,0.0
57,2024/06/13,ドリーミング・アンパン合唱団,サンサンたいそう,サンサンたいそう （テレビサイズver.）［公式エンディングテーマ］,y6lqPw8T9G4,77798422,0,0.0,0,77954.3,998,,0,0.0
58,2021/09/10,黒うさ,千本桜,「ＭＶ」　千本桜　WhiteFlame feat 初音ミク,shs0rAiwsGQ,77604375,576767,0.74,26838,19247.1,4032,,0,0.0
59,2023/03/19,MAISONdes,トウキョウ・シャンディ・ランデヴ,"【239】[feat. 花譜, ツミキ] トウキョウ・シャンディ・ランデヴ / MAISONdes",NFMmSOWPj_k,76522647,525115,0.69,14747,67184.1,1139,,0,0.0
60,2024/03/20,友成空,鬼ノ宴,"友成空(TOMONARI SORA) - ""Demons Banquet"" ［Lyric Video］",NFzyrPK9rtM,75652527,532253,0.7,9985,107156.6,706,,0,0.0
61,2024/08/06,ヨルシカ,晴る,ヨルシカ - 晴る（OFFICIAL VIDEO）,CkvWJNt77mU,73751744,459715,0.62,6919,113289.9,651,,0,0.0
62,2024/10/24,Number_i,INZM,Number_i - INZM (Official Music Video),QmaNuj4n9Ec,72656975,586414,0.81,118979,149808.2,485,,0,0.0
63,2024/05/10,milet×Aimer×幾田りら,おもかげ,milet×Aimer×幾田りら - おもかげ (produced by Vaundy) / THE FIRST TAKE,Z2Z9V-4DMGw,72539885,687985,0.95,15925,49684.9,1460,,0,0.0
64,2024/07/21,wowaka,アンノウン・マザーグース,wowaka 『アンノウン・マザーグース』feat. 初音ミク / wowaka - Unknown Mother-Goose (Official Video) ft. Hatsune Miku,P_CSdxSGfaA,72090288,524952,0.73,17930,23729.5,3038,,0,0.0
65,2024/04/25,ツミキ,フォニイ,フォニイ / phony - kafu [オリジナル],9QLT1Aw_45s,72079894,683056,0.95,13675,43552.8,1655,,0,0.0
66,2024/04/30,v4 flower,ベノム,【公式】 ベノム／かいりきベア feat.flower,oRJBwaZ59fQ,70860375,590531,0.83,18973,26312.8,2693,,0,0.0
67,2024/09/07,水曜日のカンパネラ,エジソン,水曜日のカンパネラ『エジソン』,8tOIjOPZ5sA,70111885,426786,0.61,11915,50440.2,1390,,0,0.0
68,2025/05/03,Mrs. GREEN APPLE,クスシキ,Mrs. GREEN APPLE「クスシキ」Official Music Video,RCaTLn4qoz4,69209107,434106,0.63,28514,271408.3,255,,0,0.0
69,2024/03/22,BE:FIRST,Bye-Good-Bye,화사 (HWASA) - 'Good Goodbye' MV,Qe8fa4b5xNU,68799662,649099,0.94,20288,1109672.0,62,,0,0.0
70,2024/05/26,ユリイ・カノン,だれかの心臓になれたなら,だれかの心臓になれたなら /ユリイ・カノン feat.GUMI,hZFBTnzKa54,68699463,572247,0.83,21027,23987.2,2864,,0,0.0
71,2024/08/11,GEMN,ファタール,ファタール / GEMN - Fatal / GEMN,8tQiWHXSGN0,68476791,488501,0.71,12932,129445.7,529,,0,0.0
72,2024/04/21,優里,ベテルギウス,優里『ベテルギウス』Official Music Video,cbqvxDTLMps,68118779,414426,0.61,7281,45748.0,1489,,0,0.0
73,2024/10/13,CUTIE STREET,かわいいだけじゃだめですか？,【MV】CUTIE STREET「かわいいだけじゃだめですか？」,jZqTz1G8G04,67145689,350305,0.52,23071,157619.0,426,,0,0.0
74,2024/04/14,MY FIRST STORY,I'm a mess,MY FIRST STORY - I'm a mess (Audio),ma4lm5eAdvg,66271802,389798,0.59,5689,41009.8,1616,,0,0.0
75,2024/04/29,SixTONES,Imitation Rain,SixTONES - Imitation Rain [YouTube Ver.],pTh-ncw31ZA,65590838,0,0.0,111317,30046.2,2183,,0,0.0
76,2023/11/20,Mrs. GREEN APPLE,Magic,Mrs. GREEN APPLE「Magic」Official Music Video,CN-Ja6jCweA,64504761,316676,0.49,9073,70343.3,917,,0,0.0
77,2024/04/24,乃木坂46,シンクロニシティ,乃木坂46 『シンクロニシティ』,f0wbnQw89J0,62380014,273151,0.44,34071,22191.4,2811,,0,0.0
78,2024/04/28,てれび戦士,ハローハロー,Snow Man「HELLO HELLO」Music Video YouTube Ver.,VpjkFGiRQO8,61890768,0,0.0,41137,37486.8,1651,,0,0.0
79,2024/01/01,Orangestar (feat. 夏背 & ルワン),Surges,Orangestar - Surges (feat. 夏背 & ルワン) / カロリーメイト web movie,QvWsAIc5mO8,61242041,591757,0.97,16432,38589.8,1587,,0,0.0
80,2024/01/17,164 feat.GUMI,天ノ弱 feat.GUMI,天ノ弱／164 feat.GUMI（公式),2-zPY0vrpjQ,59324550,506426,0.85,18613,14637.2,4053,,0,0.0
81,2024/05/09,SEVENTEEN,舞い落ちる花びら (Fallin' Flower),[MV]SEVENTEEN - 舞い落ちる花びら (Fallin' Flower),u4iDL3c0T1c,58350629,985499,1.69,64306,27878.9,2093,,0,0.0
82,2024/04/17,ナナヲアカリ,ダダダダ天使,ダダダダ天使 / ナナヲアカリ,ANp0qch3XVM,57669698,535084,0.93,21715,18846.3,3060,,0,0.0
83,2022/07/09,Kanaria,酔いどれ知らず feat.GUMI,【GUMI】酔いどれ知らず【Kanaria】,vB8sxY_PJ_w,55930051,557385,1.0,13673,42243.2,1324,,0,0.0
84,2024/06/09,Da-iCE,I wonder,Da-iCE /「I wonder」Performance Video,RWfi_xJkuJg,55894064,210935,0.38,6642,91931.0,608,,0,0.0
85,2024/06/15,しまじろう,ハッピー・ジャムジャム,ハッピー・ジャムジャム｜しまじろうコンサート連動曲 【しまじろうチャンネル公式】,lZRNUvDOzmY,55599190,0,0.0,0,12123.7,4586,,0,0.0
86,2024/09/21,ピノキオピー,転生林檎 feat. 初音ミク,ピノキオピー - 転生林檎 feat. 初音ミク / Reincarnation Apple,LYWP8HtgeLQ,54897025,551652,1.0,9089,42490.0,1292,,0,0.0
87,2024/02/25,DECO*27,乙女解剖 feat. 初音ミク,DECO*27 - 乙女解剖 feat. 初音ミク,7zwCIz-Ohn4,54707169,480999,0.88,14407,21674.8,2524,,0,0.0
88,2024/05/18,ななひら,POKÉDANCE,"Pokémon partners of different generations dancing ""POKÉDANCE"" Animation Music Video",vikINVCvqCE,54514848,471767,0.87,0,82849.3,658,,0,0.0
89,2024/05/15,DECO*27,ゴーストルール feat. 初音ミク,DECO*27 - ゴーストルール feat. 初音ミク,KushW6zvazM,54344229,468951,0.86,12756,14970.9,3630,,0,0.0
90,2024/04/26,SPYAIR,オレンジ,SPYAIR『オレンジ』Music Video（『劇場版ハイキュー!! ゴミ捨て場の決戦』主題歌）,YkVjY1F-Eoc,53270445,312790,0.59,5548,79746.2,668,,0,0.0
91,2024/11/23,サカナクション,怪獣,サカナクション / 怪獣　-Music Video-,a8dgNdJVluc,51909243,522894,1.01,15355,188760.9,275,,0,0.0
92,2024/06/01,原口沙輔,イガク,イガク - 重音テト,F38EuG2dAyM,50195928,514737,1.03,12237,76401.7,657,,0,0.0
93,2025/03/28,Number_i,GOAT,Polyphia | G.O.A.T. (Official Music Video),9_gkpYORQLU,49974011,674533,1.35,18365,18093.4,2762,,0,0.0
94,2025/02/11,Mrs. GREEN APPLE,ビターバカンス,Mrs. GREEN APPLE「ビターバカンス」Official Music Video,-6YeAmmRdoA,49607884,286376,0.58,12505,129863.6,382,,0,0.0
95,2024/06/28,meiyo,なにやってもうまくいかない,【meiyo】なにやってもうまくいかない【MV】,vxoKuhPca-A,49099812,647062,1.32,12355,31841.6,1542,,0,0.0
96,2024/09/17,Ado,ルル,【Ado】ルル (RuLe),0Z_YqhYHhpg,48709422,569010,1.17,16401,92078.3,529,,0,0.0
97,2024/04/19,かいりきベア,ダーリンダンス feat.初音ミク,【公式】 ダーリンダンス／かいりきベア feat.初音ミク,Rkrm5foi188,46868345,451861,0.96,10720,24233.9,1934,,0,0.0
98,2024/11/16,tuki.,ひゅるりらぱっぱ,tuki.『ひゅるりらぱっぱ』Official Music Video,AOfaWrBwo7I,46645678,461438,0.99,6688,94424.4,494,,0,0.0
99,2024/04/11,星野 源,不思議,星野源 – 不思議 (Official Video),ilnLczvLGAY,46055797,260494,0.57,8730,27727.8,1661,,0,0.0
100,2024/11/10,Mrs. GREEN APPLE,familie,Mrs. GREEN APPLE「familie」Official Music Video,FYhxYcXfhYA,44724486,232868,0.52,8961,92406.0,484,,0,0.0
101,2024/08/04,MY FIRST STORY×HYDE,夢幻,MY FIRST STORY × HYDE – “MUGEN” (from Anime “Demon Slayer: Kimetsu no Yaiba”) Official Music Video,1a3b7ZpUcn4,44718109,281311,0.63,10539,82658.2,541,,0,0.0
102,2025/10/18,すとぷり,プロポーズ,natori - Propose,VDdLF1YubI0,44592739,476818,1.07,6032,231050.5,193,,0,0.0
103,2024/02/19,Snow Man,Ｗ,Snow Man「W」Music Video YouTube Ver.,_QnW6gWUDUU,44505479,0,0.0,21860,43590.1,1021,,0,0.0
104,2025/02/26,ずっと真夜中でいいのに。,TAIDADA,ずっと真夜中でいいのに。『TAIDADA』MV (ZUTOMAYO - TAIDADA)【ダンダダン MAD】,IeyCdm9WwXM,44396375,270137,0.61,3232,118075.5,376,,0,0.0
105,2024/05/21,syudou,キュートなカノジョ,【可不】キュートなカノジョ【syudou】,oFmup8lxUHw,42413838,435014,1.03,12375,24098.8,1760,,0,0.0
106,2025/07/05,雨良 Amala,ダイダイダイダイダイキライ,ダイダイダイダイダイキライ - 初音ミク VS 重音テト  (Daidaidaidaidaikirai - HatsuneMiku VS KasaneTeto),klIxS5o65C4,41877193,503627,1.2,10327,151729.0,276,,0,0.0
107,2024/12/29,ヤバイTシャツ屋さん,ハッピーウェディング前ソング,ヤバイTシャツ屋さん - 「ハッピーウェディング前ソング」Music Video,lVIHyj9qVy0,41825316,276702,0.66,10014,13872.4,3015,,0,0.0
108,2024/08/03,しなこ,しなこワールド,【MV】しなこワールド🌷💜 /  あぃりDX・しなこ,t9aH2sZJpP8,41798529,107293,0.26,4941,64803.9,645,,0,0.0
109,2024/05/04,BE:FIRST,Shining One,BE:FIRST / Shining One -Music Video-,FGbv7b1UZAU,41292322,254819,0.62,62868,26084.9,1583,,0,0.0
110,2025/06/21,DECO*27,テレパシ feat. 初音ミク,DECO*27 - テレパシ feat. 初音ミク,c56TpxfO9q0,39841764,510385,1.28,10899,133697.2,298,,0,0.0
111,2024/09/19,MIMI,今はいいんだよ。,今はいいんだよ。 / MIMI【Covered by Kotoha】,PgCc3OMrS8c,39253922,298385,0.76,9261,37137.1,1057,,0,0.0
112,2024/01/24,シャイトープ,ランデヴー,ランデヴー,OGrGg8TvEjU,38769004,187856,0.48,359,46263.7,838,,0,0.0
113,2024/11/28,Tani Yuuki,おかえり,おかえり - Tani Yuuki【MV】,0ZsP6MVjFIo,38172533,271740,0.71,6691,33691.6,1133,,0,0.0
114,2025/10/13,なきそ,いますぐ輪廻,いますぐ輪廻 / 初音ミク,3iUgKH8c7p4,37480546,665474,1.78,20932,273580.6,137,,0,0.0
115,2024/02/11,ピノキオピー,魔法少女とチョコレゐト feat. 初音ミク,ピノキオピー - 魔法少女とチョコレゐト feat. 初音ミク / Magical Girl and Chocolate,T2kS1gAbxhc,36547121,422146,1.16,6683,26292.9,1390,,0,0.0
116,2023/12/19,ポルノグラフィティ,サウダージ,ポルノグラフィティ『サウダージ』MUSIC VIDEO,lzsB4eKPdJI,35613087,273082,0.77,4412,22756.0,1565,,0,0.0
117,2024/01/25,YOASOBI,BIRI-BIRI,YOASOBI「Biri-Biri」 Official Music Video,shZyg5VFI1Y,35552306,427758,1.2,0,46841.0,759,,0,0.0
118,2024/05/03,YOASOBI,アドベンチャー,YOASOBI「アドベンチャー」Official Music Video,Av3xaZkVpJs,35393778,253648,0.72,4791,35008.7,1011,,0,0.0
119,2025/03/13,米津 玄師,PLAZMA,米津玄師  Kenshi Yonezu - Plazma,fp3F6TqBsAU,35162810,277548,0.79,11858,106877.8,329,,0,0.0
120,2024/05/28,井上あずみ,君をのせて,君をのせて 天空の城ラピュタ 井上あずみ,SEtbAEjanWo,34913390,130606,0.37,5349,11469.6,3044,,0,0.0
121,2024/04/12,大塚 愛,さくらんぼ,大塚 愛 / さくらんぼ,upODO6OuOOk,34849038,198952,0.57,12405,9118.0,3822,,0,0.0
122,2024/06/23,Mrs. GREEN APPLE,ナハトムジーク,Mrs. GREEN APPLE「ナハトムジーク」Official Music Video,Dsylo684yWA,34523213,253515,0.73,10464,49318.9,700,,0,0.0
123,2024/11/30,湊あくあ,＃あくあ色ぱれっと,【original】#あくあ色ぱれっと【ホロライブ/湊あくあ】,6bnaBnd4kyU,34254500,432431,1.26,36201,18606.5,1841,,0,0.0
124,2025/07/12,吉本おじさん,お返事まだカナ？おじさん構文！,お返事まだカナ💦❓おじさん構文😁❗️ / 雨衣,8E8aWeY-pAc,33799622,431297,1.28,13409,169847.3,199,,0,0.0
125,2024/05/29,ME:I,Click,ME:I (ミーアイ) ⊹ 'Click' Official MV,G-LdNMa99oQ,33368738,270830,0.81,39908,52882.3,631,,0,0.0
126,2024/08/09,松平健,マツケンサンバII,【公式】松平健「マツケンサンバⅡ」 MV,XazyhnymUQo,32346106,243260,0.75,15397,17762.8,1821,,0,0.0
127,2025/02/24,米津 玄師,BOW AND ARROW,米津玄師 Kenshi Yonezu - BOW AND ARROW,M-Eyhjkepy0,31441038,468047,1.49,26586,109933.7,286,,0,0.0
128,2024/06/24,あいみょん,ハート,あいみょん - ハート【OFFICIAL MUSIC VIDEO】,ZSaTxMkEHas,31399697,172857,0.55,2632,21003.1,1495,,0,0.0
129,2025/04/26,CANDY TUNE,倍倍FIGHT！,【MV】CANDY TUNE「倍倍FIGHT!」,9HKbo1FstOE,30973652,194937,0.63,10948,109447.5,283,,0,0.0
130,2024/08/01,なにわ男子,NEW CLASSIC,"Selena Gomez, Drew Seeley - New Classic",phUU47nxgKY,30543957,364721,1.19,10770,5213.2,5859,,0,0.0
131,2024/01/16,SEVENTEEN,今-明日 世界が終わっても-,SEVENTEEN (세븐틴) '今 -明日 世界が終わっても-' (Ima -Even if the world ends tomorrow-) Official MV,vvN4FgqNXwE,30232327,588028,1.95,21160,35693.4,847,,0,0.0
132,2025/01/18,こっちのけんと,もういいよ,もういいよ / こっちのけんと MV,svbfMJJk_90,29429532,322275,1.1,11264,68760.6,428,,0,0.0
133,2024/05/08,millennium parade × 椎名 林檎,W●RK,ꉈꀧ꒒꒒ꁄꍈꍈꀧ꒦ꉈ ꉣꅔꎡꅔꁕꁄ × 椎名林檎 - Ｗ●ＲＫ,dYzgZVhiqmU,29297685,301806,1.03,7225,30018.1,976,,0,0.0
134,2024/06/25,ちゃんみな,美人,ちゃんみな - 美人 / THE FIRST TAKE,ix9_dWrC2ec,29116437,492687,1.69,9605,21826.4,1334,,0,0.0
135,2024/03/02,すとぷり,おかえりらぶっ！,【MV】おかえりらぶっ！／すとぷり【HoneyWorks】,c3DazWbrI_Q,29047616,323782,1.11,29948,12158.9,2389,,0,0.0
136,2021/10/16,水野あつ,生きる feat. 可不,生きる  feat. 可不 - 水野あつ,91R2hdV_-aQ,28930525,390590,1.35,12796,17991.6,1608,,0,0.0
137,2024/04/28,DISH//,猫,猫,1KgAear9rao,28415870,60420,0.21,268,10646.6,2669,,0,0.0
138,2025/01/11,ハチ,ドーナツホール,"ハチ - ドーナツホール 2024 , HACHI - DONUT HOLE 2024",y7fu_nNQAEQ,28260161,554228,1.96,16667,63937.0,442,,0,0.0
139,2025/06/14,=LOVE,とくべチュ、して,＝LOVE（イコールラブ）/ 18th Single『とくべチュ、して』【MV full】,F3P8vcZkIh4,27891249,149919,0.54,23903,87985.0,317,,0,0.0
140,2024/12/31,NEWS,チャンカパーナ,NEWS – チャンカパーナ [Official Music Video],Ou1UG_PC43Q,27843893,250115,0.9,9067,64304.6,433,,0,0.0
141,2025/03/09,大漠波新,のだ,のだ / ずんだもん・初音ミク・重音テト,vY8iwpN3GXQ,27758579,320718,1.16,12138,36003.3,771,,0,0.0
142,2024/05/01,結束バンド,星座になれたら,【LIVE映像】結束バンド「星座になれたら」LIVE at 秀華祭/ 「ぼっち・ざ・ろっく！」劇中曲,fJh5UeiULZs,27723378,300399,1.08,8466,25504.5,1087,,0,0.0
143,2025/04/05,ちゃんみな,Sad Song,ちゃんみな - SAD SONG feat. No No Girls FINALISTS / THE FIRST TAKE,CFBStXempJY,27640319,552191,2.0,23414,129160.4,214,,0,0.0
144,2025/03/25,いきものがかり,気まぐれロマンティック,いきものがかり 『気まぐれロマンティック』Music Video,5XCSt_0lwOE,26579044,214400,0.81,7162,13679.4,1943,,0,0.0
145,2024/04/15,なにわ男子,ダイヤモンドスマイル,なにわ男子 - ダイヤモンドスマイル [Music Video Dance ver.],uQx7Lmb-dcg,26558543,0,0.0,6121,21383.7,1242,,0,0.0
146,2025/02/15,Vaundy,風神,風神 / Vaundy (TBS系金曜ドラマ『ライオンの隠れ家』主題歌) / Vaundy：MUSIC VIDEO,yiU0I0tvt6s,26531506,114802,0.43,2036,64711.0,410,,0,0.0
147,2024/08/10,P丸様。,MOTTAI,【MV】MOTTAI／P丸様。,X96zX6Ahfko,26265570,313162,1.19,6591,20779.7,1264,,0,0.0
148,2024/06/17,Creepy Nuts,二度寝,【MV】Creepy Nuts - 二度寝(Nidone),k8AJfmyurWo,25982743,172165,0.66,4088,41439.8,627,,0,0.0
149,2024/07/06,宝鐘マリン & Kobo Kanaeru,III,III (Cover) | Justen x Sena,eUJjeYVlEKA,25805951,358242,1.39,5721,96651.5,267,,0,0.0
150,2024/07/28,シカ部,シカ色デイズ,シカ色デイズ,fxPcJTU-A8U,25632170,286358,1.12,0,48637.9,527,,0,0.0
151,2024/11/09,B小町,POP IN 2,POP IN 2,QgxYScXawEE,25086236,223068,0.89,0,57802.4,434,,0,0.0
152,2025/02/08,B小町,トワイライト,King Gnu - TWILIGHT!!!,qIcIpSyHcyM,25055645,217000,0.87,7881,103535.7,242,,0,0.0
153,2024/12/15,マサラダ,㋰責任集合体,㋰責任集合体／重音テトSV,c5_0NPftdlY,24965751,345144,1.38,7505,42749.6,584,,0,0.0
154,2024/06/27,aiko,相思相愛,aiko-『相思相愛』music video,VmSNNOTB_FE,24899891,0,0.0,6635,40819.5,610,,0,0.0
155,2024/06/11,ゴールデンボンバー,女々しくて,ゴールデンボンバー「女々しくて」MV,BC9P3DSZu0A,24844233,213081,0.86,10009,11808.1,2104,,0,0.0
156,2024/05/05,MIMI,ハナタバ,『 ハナタバ 』/ MIMI feat. 可不,7xht3kQO_TM,24786423,256541,1.04,5439,22071.6,1123,,0,0.0
157,2025/10/11,ROF-MAO,Bring it on,ROF-MAO - Bring it on,8xZREULMjVM,24469272,0,0.0,6219,47979.0,510,,0,0.0
158,2024/06/10,FRUITS ZIPPER,NEW KAWAII,【MV】FRUITS ZIPPER「NEW KAWAII」,7Am9TCA3WrA,24342219,118285,0.49,5218,39010.0,624,,0,0.0
159,2025/01/15,Official髭男dism,Same Blue,Official髭男dism - Same Blue [Official Video],A7cp6OVa0Qc,24332858,171202,0.7,11252,55176.5,441,,0,0.0
160,2025/04/04,M!LK,イイじゃん,M!LK - イイじゃん(Official Music Video),GW-XMhRQDFI,24121939,158282,0.66,21309,84048.6,287,,0,0.0
161,2025/03/19,NiziU,AlwayS,Isak Danielson - Always (official video),YZdyIgst-S4,23957795,237357,0.99,5581,8860.1,2704,,0,0.0
162,2024/09/28,優里,カーテンコール,カーテンコール,gpdh9AUzQjY,23734825,116858,0.49,145,45997.7,516,,0,0.0
163,2024/04/09,ヨルシカ,斜陽,ヨルシカ - 斜陽（OFFICIAL VIDEO）,bqigIHMComE,23725098,192480,0.81,3545,24947.5,951,,0,0.0
164,2025/03/30,ちゃんみな,NG,ちゃんみな - NG (Official Music Video)  -,SCNlEuz9-eg,23594943,352451,1.49,5314,49569.2,476,,0,0.0
165,2025/04/06,日向電工,ブリキノダンス,【Ado】ブリキノダンス 歌いました,iL7uoLCbJoc,23433479,272438,1.16,4698,31328.2,748,,0,0.0
166,2024/08/20,Snow Man,BREAKOUT,Snow Man「BREAKOUT」Dance Practice,LBaeKssNPuE,22823537,156708,0.69,10175,45374.8,503,,0,0.0
167,2024/09/05,コムドット,拝啓、俺たちへ,コムドット「拝啓、俺たちへ」Official Music Video,Pyum09A4-SQ,22719780,257037,1.13,16569,40141.0,566,,0,0.0
168,2024/04/08,DECO*27,ボルテッカー feat. 初音ミク,DECO*27 - ボルテッカー feat. 初音ミク,C-7TIDIKc98,22665229,446212,1.97,8231,28016.4,809,,0,0.0
169,2025/02/05,King Gnu,ねっこ,King Gnu - ねっこ,jz8O2t2r8Gs,22349251,148861,0.67,8148,58813.8,380,,0,0.0
170,2024/05/02,Eve,ぼくらの,ぼくらの (Bokurano) - Eve Music Video,exOi_zsOHwM,22222347,314769,1.42,6408,21659.2,1026,,0,0.0
171,2024/09/08,KEYTALK,MONSTER DANCE,KEYTALK/「MONSTER DANCE」MUSIC VIDEO,N39glrfql0I,21478659,110296,0.51,3503,5265.7,4079,,0,0.0
172,2025/03/02,CUTIE STREET,ひたむきシンデレラ！,【MV】CUTIE STREET「ひたむきシンデレラ！」,AtDErGSpfYQ,21453519,174927,0.82,12094,63284.7,339,,0,0.0
173,2025/12/13,FRUITS ZIPPER,はちゃめちゃわちゃライフ！,【MV】FRUITS ZIPPER「はちゃめちゃわちゃライフ！」,FiTRogMY0Tc,21341726,84701,0.4,13356,344221.4,62,,0,0.0
174,2024/05/25,超ときめき♡宣伝部,最上級にかわいいの！,超ときめき♡宣伝部 / 「最上級にかわいいの！」Music Video,Y4KjiTGBggw,21317596,126020,0.59,5548,35235.7,605,,0,0.0
175,2024/05/20,INI,HERO,Mili - Hero [Limbus Company],ZuifkacZ0TA,21306722,173303,0.81,6727,51841.2,411,,0,0.0
176,2024/03/16,HoneyWorks feat.かぴ,すきっちゅーの!,すきっちゅーの！feat. ちゅーたん（CV：早見沙織）／HoneyWorks,jOZSjMKuE1g,20988419,235923,1.12,6243,25075.8,837,,0,0.0
177,2024/06/20,indigo la End,名前は片想い,indigo la End「名前は片想い」,aqoeNOw4_uQ,20498578,201120,0.98,2585,19448.4,1054,,0,0.0
178,2025/01/25,不破湊,一旦ステイ　TONIGHT,【MV】一旦ステイ TONIGHT / 不破湊,xbHcDKJ1vpA,20400199,248503,1.22,6981,53543.8,381,,0,0.0
179,2024/07/19,=LOVE,絶対アイドル辞めないで,＝LOVE（イコールラブ）/ 17th Single『絶対アイドル辞めないで』【MV full】,17NBPoc78oM,20223177,124299,0.61,14022,37312.1,542,,0,0.0
180,2024/04/23,なにわ男子,Poppin’ Hoppin’ Lovin’,なにわ男子 - Poppin' Hoppin' Lovin' [Official Music Video] YouTube ver.,8KXbNShp8rs,20142610,0,0.0,7714,21799.4,924,,0,0.0
181,2024/06/14,KAMIGATA BOYZ,無責任でええじゃないかLOVE,KAMIGATA BOYZ - 無責任でええじゃないかLOVE [Official Music Video],I-xwDWfGIc4,19915452,0,0.0,20877,33641.0,592,,0,0.0
182,2025/03/17,マルシィ,プレゼント,SEKAI NO OWARI「プレゼント」,q6Ylz-EhtDo,19914203,131929,0.66,6394,5473.9,3638,,0,0.0
183,2024/07/05,Uru,アンビバレント,【Official】Uru 「アンビバレント」 TVアニメ『薬屋のひとりごと』第2クールOPテーマ,e_pdE__o5D8,18901196,118172,0.63,1522,27117.9,697,,0,0.0
184,2024/10/06,Mega Shinnosuke,愛とU,Mega Shinnosuke - 愛とU(Official Music Video),NY1TyFUhbMA,18848425,185750,0.99,2314,34520.9,546,,0,0.0
185,2025/07/26,ナナヲアカリ,明日の私に幸あれ,明日の私に幸あれ / ナナヲアカリ,Z2icQoPrX9M,18690118,236977,1.27,4933,57331.7,326,,0,0.0
186,2024/11/03,「おかあさんといっしょ」より,だんご3兄弟,だんご３兄弟（おかあさんといっしょ）　歌：NEUTRINO（歌詞付き）,xTwgS1V_8zQ,18595904,20552,0.11,0,13123.4,1417,,0,0.0
187,2024/10/26,コレサワ,元彼女のみなさまへ,コレサワ「元彼女のみなさまへ」【Lyric Video】,B36u-tuublE,18549396,133672,0.72,2494,39635.5,468,,0,0.0
188,2024/09/15,すとぷり,ギンギラ銀河,【妖怪ウォッチOP】ギンギラ銀河／すとぷり【ナユタン星人】,H_rd_qjk6sI,18515611,228978,1.24,18509,8470.1,2186,,0,0.0
189,2024/05/01,Vaundy,Tokimeki,Tokimeki / Vaundy：MUSIC VIDEO,-_PKhPMXMDY,18413793,118365,0.64,2186,18543.6,993,,0,0.0
190,2024/09/14,B’z,ultra soul,B’z Live from AVACO STUDIO “ultra soul”,ygyOtMnNvCg,18006939,104016,0.58,4477,11191.4,1609,,0,0.0
191,2025/09/13,BE:FIRST,夢中,BE:FIRST / 夢中 -Recording Video- (フジテレビ木曜劇場『波うららかに、めおと日和』主題歌),TpuNjlGbs6o,17934349,118722,0.66,16030,78315.9,229,,0,0.0
192,2025/01/12,宝鐘マリン,パイパイ仮面でどうかしらん？,【original anime MV】パイパイ仮面でどうかしらん？【hololive/宝鐘マリン】,hv2vo94FOF4,17700053,289262,1.63,9915,38731.0,457,,0,0.0
193,2024/12/30,しなこ,歯ラ歯ラ,【MV】歯ラ歯ラ🦷🪥✨,GTnMIACX6TM,17651697,55978,0.32,2912,41631.4,424,,0,0.0
194,2024/07/30,tuki.,サクラキミワタシ,tuki.『サクラキミワタシ』Official Music Video,rpVvPAFaoqM,17496598,130181,0.74,3240,26271.2,666,,0,0.0
195,2022/06/17,Whiteberry,夏祭り,Whiteberry「夏祭り」MUSIC VIDEO,AZRR01YOKcM,17486353,93781,0.54,3866,10807.4,1618,,0,0.0
196,2024/10/17,緑黄色社会,恥ずかしいか青春は,緑黄色社会『恥ずかしいか青春は』Official Video / Ryokuoushoku Shakai – Hazukashiika Seishunwa,G9KznOYqyOg,17322761,106464,0.61,2746,33185.4,522,,0,0.0
197,2024/08/12,Mrs. GREEN APPLE,Dear,Mrs. GREEN APPLE – Dear【LIVE from ゼンジン未到とヴェルトラウム〜銘銘編〜】,sYMaoGflrug,17268944,88963,0.52,3336,35827.7,482,,0,0.0
198,2024/12/08,すとぷり,はりーはりーらぶ,【MV】はりーはりーらぶっ／すとぷり,6gdbrAFwGCk,17246332,217995,1.26,691,7114.8,2424,,0,0.0
199,2024/10/29,「おかあさんといっしょ」より,からだ☆ダンダン,「からだ☆ダンダン」♪スペステ2023から,9rNtzlwzWhw,17060241,0,0.0,0,34052.4,501,,0,0.0
200,2025/08/17,ピノキオピー,T氏の話を信じるな,ピノキオピー - T氏の話を信じるな feat. 初音ミク・重音テト / Don’t Believe in T,Jtm6ikBIl0g,17020754,250292,1.47,9260,98957.9,172,,0,0.0
201,2024/12/22,宝鐘マリン,幽霊船戦,【original anime MV】幽霊船戦【hololive/宝鐘マリン】,QfGuQELt1Tk,16924581,365455,2.16,16529,33580.5,504,,0,0.0
202,2024/07/26,紫 今,魔性の女A,紫 今 - 魔性の女A / Mulasaki Ima - femme fatale A (MUSIC VIDEO),d0QFalAKRNM,16904723,225069,1.33,2621,28897.0,585,,0,0.0
203,2024/11/19,FRUITS ZIPPER,フルーツバスケット,【MV】FRUITS ZIPPER「フルーツバスケット」,bRRPqGRguKo,16448111,92403,0.56,4980,37045.3,444,,0,0.0
204,2025/03/18,ヨルシカ,アポリア,ヨルシカ - アポリア（OFFICIAL VIDEO）,fhTFysCtF6g,16303387,145690,0.89,3103,37565.4,434,,0,0.0
205,2024/06/26,なにわ男子,青春ラプソディ,なにわ男子 - 青春ラプソディ [Official Music Video] YouTube ver.,q2ekMmjvOZI,16259115,0,0.0,7114,15739.7,1033,,0,0.0
206,2024/09/22,しなこ,グミキュンプリンセス,【MV】グミキュンプリンセス🍬👸🏼🩷 / あぃりDX ・しなこ,Y744hKsXi4c,16196197,42372,0.26,1819,29077.6,557,,0,0.0
207,2024/12/19,天乃 リリサ・橘 美花莉,WATCH ME,YOASOBI「Watch me!」Official Music Video,evtoG-4dLM4,15890798,218647,1.38,5498,74956.6,212,,0,0.0
208,2025/09/09,YOASOBI,WATCH ME!,YOASOBI「Watch me!」Official Music Video,evtoG-4dLM4,15890797,218646,1.38,5498,74956.6,212,,0,0.0
209,2023/11/13,リサイタルズ,888月~夏にも程がある~,リサイタルズ - ｢888月 〜夏にも程がある〜｣［Official Music Video］,rwgA7mVXcM0,15840648,181371,1.14,15105,12889.1,1229,,0,0.0
210,2025/09/21,LiSA,残酷な夜に輝け,LiSA『残酷な夜に輝け』MUSiC CLiP,ysdtX8kRTuQ,15769234,179382,1.14,8246,108753.3,145,,0,0.0
211,2025/11/22,ねぐせ。,織姫とBABY feat. 汐れいら,ねぐせ。「織姫とBABY feat. 汐れいら」Official Music Video,RyviHjvLIao,15705757,117664,0.75,1930,88733.1,177,,0,0.0
212,2024/10/31,キヨ,有頂天猫,キヨ 「有頂天猫」 Music Video,HHjQe9DYwN0,15405097,266581,1.73,17168,15897.9,969,,0,0.0
213,2024/12/24,『ユイカ』,すないぱー。,すないぱー。 / 『ユイカ』【MV】,nvQN56D8RYo,15266344,147049,0.96,4921,25831.4,591,,0,0.0
214,2024/08/27,なにわ男子,Alpha,なにわ男子 - Alpha [Official Music Video],Olr7YwLu3kQ,15014898,111549,0.74,15433,25535.5,588,,0,0.0
215,2024/11/17,jon-YAKITORY,山田PERFECT,"山田PERFECT / jon-YAKITORY, 初音ミク -YAMADA PERFECT / jon-YAKITORY, Hatsune Miku-",zGMftuCqLhk,14846789,191039,1.29,8011,27960.1,531,,0,0.0
216,2025/10/12,Aimer,太陽が昇らない世界,Aimer「太陽が昇らない世界」Music Video（『劇場版「鬼滅の刃」無限城編 』第一章 猗窩座再来』 主題歌）,DJOf0XtVpkI,14618541,127409,0.87,4686,100817.5,145,,0,0.0
217,2024/12/14,竹下☆ぱらだいす,とーちゃんの足ってなんでクサイの？,【MV】とーちゃんの足ってなんでクサイの？feat.しんのすけ＆ひろし/竹下☆ぱらだいす,OvLHBXodc78,14610601,34946,0.24,1455,23680.1,617,,0,0.0
218,2025/11/29,DECO*27,チェリーポップ feat. 初音ミク,DECO*27 - チェリーポップ feat. 初音ミク,BI9Ue6JwJic,14534229,276322,1.9,7361,100932.1,144,,0,0.0
219,2025/11/02,幾田 りら,恋風,幾田りら「恋風」 Official Music Video,bWlknrhWjVw,14172590,98081,0.69,1772,74592.6,190,,0,0.0
220,2025/04/01,Yunomi,インドア系ならトラックメイカー,インドア系ならトラックメイカー,114yuwqcQhM,13964398,155343,1.11,1090,5317.7,2626,,0,0.0
221,2025/08/02,原宿ヒーローズ,コドモオトナヒーロー,【MV】コドモオトナヒーロー/しなこ・竹ぱら・リアピ(原宿ヒーローズ),rTOraeetj9w,13917191,41558,0.3,3531,54364.0,256,,0,0.0
222,2024/06/19,Aぇ! group,《A》BEGINNING,Aぇ! group「《A》BEGINNING」Official Music Video - Streaming Ver. -,aIXcSB9fSyo,13668575,119830,0.88,42140,22407.5,610,,0,0.0
223,2023/12/24,なにわ男子,ハッピーサプライズ,なにわ男子 - ハッピーサプライズ [Official Music Video] YouTube ver.,90FhT0I0g7w,13566141,0,0.0,7717,11837.8,1146,,0,0.0
224,2024/10/05,Vaundy,ホムンクルス,ホムンクルス (『僕のヒーローアカデミア THE MOVIE ユアネクスト』主題歌) / Vaundy：MUSIC VIDEO,ZhUa0CumyxQ,13565353,71717,0.53,1681,26651.0,509,,0,0.0
225,2024/05/14,大原 ゆい子,えがおのまほう,大原ゆい子「えがおのまほう」ミュージックビデオ　DANCE ver.／TVアニメ『はなかっぱ』新OPテーマ,PYGUHpDenlg,13450044,0,0.0,0,5485.3,2452,,0,0.0
226,2025/08/10,Mrs. GREEN APPLE,Carrying Happiness,Carrying Happiness,YFk3oSwbXOY,12964147,96238,0.74,2666,85855.3,151,,0,0.0
227,2025/10/25,=LOVE,ラブソングに襲われる,＝LOVE（イコールラブ）/ 19th Single『ラブソングに襲われる』【MV full】,_cf4UTe1qrY,12771997,128184,1.0,12198,126455.4,101,,0,0.0
228,2025/07/19,超ときめき♡宣伝部,超最強,超ときめき♡宣伝部 /「超最強」Music Video,Yeahpo-0Ub4,12741360,96044,0.75,5549,71180.8,179,,0,0.0
229,2024/04/20,ストロベリー・フラワー,愛のうた,倖田來未-KODA KUMI-『愛のうた（album version）』～ 20th Year Special Full Ver. ～,JiWEZbm6lhI,12441090,43770,0.35,1144,5791.9,2148,,0,0.0
230,2025/12/25,Mrs. GREEN APPLE,GOOD DAY,Mrs. GREEN APPLE「GOOD DAY」Official Music Video,TLJqi0IjMwo,12177034,147127,1.21,16884,162360.5,75,,0,0.0
231,2025/12/06,King Gnu,SO BAD,King Gnu - SO BAD,d4st4aEjQ28,12096840,73085,0.6,3477,177894.7,68,,0,0.0
232,2025/02/22,しなこ FEAT. 午前0時のプリンセス,マシュマロパンチ,【MV】 マシュマロパンチ‪👊🏻💗 / しなこfeat. 午前0時のプリンセス / あぃりDX,sd4LIb8pm8s,11811906,41316,0.35,2456,33179.5,356,,0,0.0
233,2024/05/04,MAHO堂,おジャ魔女カーニバル!!,おジャ魔女カーニバル!!,_mN4xKRRUkg,11762668,54403,0.46,0,18523.9,635,,0,0.0
234,2025/03/31,ナユタン星人,ダンスロボットダンス,ナユタン星人 - ダンスロボットダンス (ft.初音ミク) OFFICIAL MUSIC VIDEO,g7dvpD_zlIM,11666568,130579,1.12,2523,5459.3,2137,,0,0.0
235,2024/10/19,竹下☆ぱらだいす,派手髪でも出来るばい！,【MV】派手髪でも出来るばい！/竹下☆ぱらだいす,BEiDuHEc76I,11606563,56495,0.49,2525,12982.7,894,,0,0.0
236,2024/05/17,femme fatale,だいしきゅーだいしゅき,femme fatale「だいしきゅーだいしゅき」Music Video,Uywq8FzxWiU,11585918,163329,1.41,2416,8377.4,1383,,0,0.0
237,2023/12/27,sasakure.‌UK,トンデモワンダーズ,トンデモワンダーズ / ワンダーランズ×ショウタイム × KAITO,ZfVWqos23xs,11537909,220606,1.91,4543,10076.8,1145,,0,0.0
238,2024/11/05,DISH//,プランA,DISH// - プランA [Official Video]｜TVアニメ「逃げ上手の若君」 オープニングテーマ,l1HeItO98FI,11304305,74782,0.66,2166,21780.9,519,,0,0.0
239,2024/04/16,IMP.,CRUISIN',Cruisin'   Gwyneth Paltrow & Huey Lewis   Lyrics,tKOMJ8lb0fo,11296079,24493,0.22,605,3519.0,3210,,0,0.0
240,2024/04/16,Ayase,幽霊東京,幽霊東京 / 初音ミク,lWl5viCqGSc,11124990,195109,1.75,3585,5045.3,2205,,0,0.0
241,2024/06/21,あいみょん,会いにいくのに,あいみょん – 会いに行くのに【OFFICIAL MUSIC VIDEO】,iqSspWjCA6s,10709932,51876,0.48,1985,18691.0,573,,0,0.0
242,2024/10/01,FRUITS ZIPPER,ぴゅあいんざわーるど,【MV】FRUITS ZIPPER「ぴゅあいんざわーるど」,Mp7jBQmxEGM,10439848,64728,0.62,3204,12239.0,853,,0,0.0
243,2023/04/27,ハマいく,ビート DE トーヒ,ハマいく - ビートDEトーヒ【MV】,ypCXPcKYS60,10213062,89855,0.88,1942,10539.8,969,,0,0.0
244,2025/02/02,FANTASTICS from EXILE TRIBE,Got Boost？,【Music Video】Got Boost？(Artist Only Ver.) / FANTASTICS,auKBDWu9eAA,10110085,57290,0.57,22805,24129.1,419,,0,0.0
245,2024/11/02,LE SSERAFIM,Jewelry(Prod. imase),LE SSERAFIM (르세라핌) 'Jewelry (Prod. imase)' LIVE CLIP,Raf9odbiu8g,10108462,184146,1.82,4639,11632.3,869,,0,0.0
246,2024/06/03,なにわ男子,The Answer,THE ANSWER - ChanMyae MgCho (OFFICIAL MUSIC VIDEO),ZQM7Iy9paj8,10060892,44736,0.44,1092,32986.5,305,,0,0.0
247,2024/06/04,パジャマパーティーズ,パジャマパーティーズのうた,パジャマパーティーズのうた,LzzW_TBL558,9980125,124862,1.25,0,15053.0,663,,0,0.0
248,2025/08/09,ano,ハッピーラッキーチャッピー,ano「ハッピーラッキーチャッピー 」× アニメ『タコピーの原罪』Collaboration Music Video,s7FgdaGOw9s,9380480,139209,1.48,3483,62536.5,150,,0,0.0
249,2024/10/15,Mrs. GREEN APPLE,アポロドロス,Mrs. GREEN APPLE「アポロドロス」Official Lyric Video,dOR5-Y80CUA,9372605,103710,1.11,3605,17650.9,531,,0,0.0
250,2022/04/03,みきとP,少女レイ feat. 初音ミク,少女レイ / MORE MORE JUMP！ × 初音ミク,3VT85q-E-UU,9362299,146629,1.57,2763,7507.9,1247,,0,0.0
251,2024/04/13,ハチワレ（CV：田中誠人）,ひとりごつ,ひとりごつ,8SoWzkMO1YQ,9194063,99657,1.08,0,7149.3,1286,,0,0.0
252,2025/01/22,新しい学校のリーダーズ,CHANGE,ONE OK ROCK: Change [OFFICIAL VIDEO],z2ed0Tazw0E,9193793,113348,1.23,3096,3360.3,2736,,0,0.0
253,2025/08/23,いずれ菖蒲か杜若,どきどきキュン！で大暴走♡,【MV】どきどきキュン!で大暴走♡ / いずれ菖蒲か杜若,9P3kxfons2E,8973991,115459,1.29,1989,25137.2,357,,0,0.0
254,2024/12/27,ano,許婚っきゅん,ano「許婚っきゅん」Music Video,kcdSjvUBrDA,8511430,100306,1.18,2643,19748.1,431,,0,0.0
255,2025/10/12,=LOVE,超特急逃走中,＝LOVE（イコールラブ）/ 18th Single c/w『超特急逃走中』【MV full】,d20dEAtbL08,8303359,65782,0.79,3106,28436.2,292,,0,0.0
256,2025/02/23,Official髭男dism,50％,Official髭男dism - 50% [Official Video],Vv2n31gL85I,8005073,65732,0.82,5124,22236.3,360,,0,0.0
257,2024/10/10,なにわ男子,コイスルヒカリ,なにわ男子 - コイスルヒカリ [Official Music Video],Za9xAlR6-W8,7974243,79447,1.0,18144,15574.7,512,,0,0.0
258,2025/01/26,doriko,ロミオとシンデレラ,ロミオとシンデレラ  - doriko feat.初音ミク【official MV】,9HrOqmiEsN8,7909093,98290,1.24,1600,8596.8,920,,0,0.0
259,2025/10/14,Official髭男dism,らしさ,Official髭男dism - らしさ [Official Video],keOnleW2eak,7723878,75476,0.98,5093,71517.4,108,,0,0.0
260,2025/11/01,ピノキオピー,超主人公,ピノキオピー - 超主人公 feat. 初音ミク / Super Superhero,thmR2SmkeDU,7576191,137708,1.82,4437,24840.0,305,,0,0.0
261,2024/06/12,フォーエイト48,ロミエット,【MV】フォーエイト48 -ロミエット (Official Music Video)/Lyric DECO*27,YpmTtHftd9k,7571040,70394,0.93,3863,5952.1,1272,,0,0.0
262,2025/03/10,Vaundy,走れSAKAMOTO,走れSAKAMOTO / Vaundy：MUSIC VIDEO,jbgG5tzgP9k,7481630,44402,0.59,794,24691.8,303,,0,0.0
263,2025/02/16,星街すいせい,AWAKE,awake,-W8MBjTk2E8,7430539,115250,1.55,0,4667.4,1592,,0,0.0
264,2024/05/11,超ときめき♡宣伝部,すきっ！,超ときめき♡宣伝部 / すきっ！〜超ver〜 MUSIC VIDEO,5OSrxVXI8wo,7362936,204505,2.78,6769,4648.3,1584,,0,0.0
265,2024/01/23,星乃夢奈,男の子のために可愛いわけじゃない！,男の子のために可愛いわけじゃない！／星乃夢奈【Official Music Video】,-lgHpWPtV4U,7127784,73422,1.03,1038,7280.7,979,,0,0.0
266,2025/01/19,B小町,我ら完全無敵のアイドル!!,B小町「我ら完全無敵のアイドル!!」ライブパフォーマンス映像,s9-RcVcxeAQ,7123771,83117,1.17,3600,16801.3,424,,0,0.0
267,2024/08/18,すとぷり,誓いの花束を～With You～,【MV】誓いの花束を～With You～／すとぷり【HoneyWorks】,-LZJKbYIiCo,6831162,130748,1.91,9850,12308.4,555,,0,0.0
268,2024/11/21,なとり&imase,メロドラマ,natori & imase - Melodrama,Ao29RaMxH98,6784089,92190,1.36,1389,14373.1,472,,0,0.0
269,2025/02/21,MISAMO,BOUQUET,MOMO SANA MINA from TWICE「Bouquet」 Making Music Video（short ver.）,c64_lZErcOQ,6648237,237687,3.58,10014,6289.7,1057,,0,0.0
270,2025/08/24,てれび戦士,こたえあわせ,Kotaeawase,yx1-9AHAFfQ,6476211,64347,0.99,1301,31902.5,203,,0,0.0
271,2025/08/16,なにわ男子,ギラギラサマー,なにわ男子 - ギラギラサマー [Official Music Video],LJOfZ-7FumQ,6282206,80014,1.27,16992,31728.3,198,,0,0.0
272,2024/06/18,宝塚少年少女合唱団,世界中のこどもたちが,♪世界中のこどもたちが - 世界中のこどもたちが いちどに 笑ったら〜♪〈振り付き〉,Y70WHbXJ8-k,6257108,6695,0.11,0,2586.7,2419,,0,0.0
273,2024/11/14,冨岡 愛,恋する惑星「アナタ」,冨岡 愛 - 恋する惑星「アナタ」 (Music Video),RM1kn_U4Vt0,6207699,69724,1.12,1640,9237.6,672,,0,0.0
274,2024/12/10,きゅるりんってしてみて,きゅるりんしてみて,きゅるりんってしてみて「きゅるりんしてみて」本人たちが踊ってみた,sMX2Kqq4h6s,6188299,44943,0.73,696,8196.4,755,,0,0.0
275,2024/08/29,超特急,Steal a Kiss,超特急「Steal a Kiss」MUSIC VIDEO,1maL_bJe5u8,6165161,26853,0.44,2360,10140.1,608,,0,0.0
276,2024/07/17,ゆず,夏色,ゆず『夏色』MUSIC VIDEO,hhDzDL9Y2Lo,6121892,48689,0.8,1396,6589.8,929,,0,0.0
277,2024/10/20,すとぷり,ぴゅあぴゅあいちご,【MV】ぴゅあぴゅあいちご／すとぷり【HoneyWorks】,-FHrSNYCAcM,6117246,109611,1.79,5249,9558.2,640,,0,0.0
278,2025/11/22,DECO*27,マシュマロ,DECO*27 - マシュマロ feat. 初音ミク,ZIzEnTdR368,6001377,242516,4.04,9772,86976.5,69,,0,0.0
279,2024/06/29,ケツメイシ,スーパースター,Super Star Ni Nattara,T0jZGhaaYYk,5976697,22177,0.37,130,2391.6,2499,,0,0.0
280,2024/05/23,緑黄色社会,Party!!,緑黄色社会『Party!!』Official Video / Ryokuoushoku Shakai – Party!!,7-h8UA7fFmg,5970440,40713,0.68,998,9005.2,663,,0,0.0
281,2025/03/23,Ado,桜日和とタイムマシン with 初音ミク,【Ado】 桜日和とタイムマシン with 初音ミク,nIWZfhpnq6M,5931968,155960,2.63,4393,14157.4,419,,0,0.0
282,2024/09/10,キタニタツヤ,次回予告,次回予告 / キタニタツヤ - Preview of Me / Tatsuya Kitani,O3ZYjfMqAsc,5852550,93851,1.6,2301,9689.7,604,,0,0.0
283,2024/07/09,緑黄色社会,始まりの歌,緑黄色社会『始まりの歌』Official Video / Ryokuoushoku Shakai – Hajimarino Uta,cjf9c6TwH6o,5832848,39759,0.68,1349,1887.0,3091,,0,0.0
284,2025/02/12,YOASOBI,New me,YOASOBI「New me」Official Music Video,HRlW6yZo6Kc,5747290,115549,2.01,1775,15084.8,381,,0,0.0
285,2024/07/14,古川 貴之,全力キング,全力キング,e1cdEpR8OIs,5541684,22909,0.41,0,5614.7,987,,0,0.0
286,2025/05/10,なにわ男子,Doki it,なにわ男子 – Doki it [Official Music Video],Oh7Sin6hTpc,5490549,69605,1.27,17909,17320.3,317,,0,0.0
287,2024/12/03,きゅるりんってしてみて,らぶきゅん♡うぉんてっど,「らぶきゅん♡うぉんてっど」MV/きゅるりんってしてみて,28HBkyA56Cw,5486353,50511,0.92,782,8653.6,634,,0,0.0
288,2024/04/25,Little Glee Monster,世界はあなたに笑いかけている,世界はあなたに笑いかけている,dKKcSFWZ_vY,5480861,20502,0.37,104,2078.4,2637,,0,0.0
289,2024/04/20,BACK-ON,CHEMY×STORY,CHEMY×STORY （『仮面ライダーガッチャード』主題歌）,WzWsiCSCNMo,5196010,26798,0.52,763,7040.7,738,,0,0.0
290,2024/11/26,TK from 凛として時雨,誰我為,TK from 凛として時雨 『誰我為』 Music Video（TVアニメ「僕のヒーローアカデミア」7期オープニング主題歌）,AbY-IVN4WcE,4833783,55403,1.15,1673,8277.0,584,,0,0.0
291,2024/12/28,YOASOBI,モノトーン,YOASOBI「モノトーン」Official Music Video,sJ-2X3rHtXw,4638841,72718,1.57,1720,10518.9,441,,0,0.0
292,2025/12/07,STARGLOW,Moonchaser,STARGLOW / Moonchaser -Music Video-,FTXk6epFQdM,4629141,108453,2.34,13484,54460.5,85,,0,0.0
293,2024/06/07,赤い鳥,翼をください,翼をください（混声三部合唱）　歌：AIきりたん、AI謡子（歌詞付き）,XTuJKMdxWe8,4555077,19657,0.43,0,2382.4,1912,,0,0.0
294,2024/05/30,杉本 竜一,Believe,【合唱曲】Believe / 歌詞付き【9/200】,1eSxTnMcTMs,4466176,26154,0.59,1619,2506.3,1782,,0,0.0
295,2025/01/02,DECO*27,ネバーランド,DECO*27 - ネバーランド feat. 初音ミク,48Csilkjev0,4406018,103220,2.34,2477,10391.6,424,,0,0.0
296,2025/09/20,Da-iCE,ノンフィクションズ,Da-iCE /「ノンフィクションズ」Music Video,6Moq0q8R5Vw,4279944,34916,0.82,2468,31939.9,134,,0,0.0
297,2025/12/30,DECO*27,弱虫モンブラン,DECO*27 - 弱虫モンブラン (Reloaded) feat. 初音ミク,euRzG6zmEb8,4276423,138348,3.24,4868,17454.8,245,,0,0.0
298,2024/05/06,結束バンド,ギターと孤独と蒼い惑星,ギターと孤独と蒼い惑星,ajjawsaBhHQ,4158742,17204,0.41,0,3657.6,1137,,0,0.0
299,2025/05/17,AiScReam,愛♡スクリ～ム!,AiScReam『愛♡スクリ～ム！』Music Video,8Yy7Jzle338,4019262,150464,3.74,6335,37563.2,107,,0,0.0
300,2025/03/27,SEKAI NO OWARI,イルミネーション,B'z / イルミネーション,tFc6y7Dk66E,3914574,43623,1.11,2858,9935.5,394,,0,0.0
301,2024/07/25,ンバヂ,好きな惣菜発表ドラゴン,好きな惣菜発表ドラゴン / 重音テト,OnCFEo_pXaY,3873793,128690,3.32,2636,4499.2,861,,0,0.0
302,2025/03/08,Giga & TeddyLoid meets 松田莉奈&森田ひかる,ピッカーン!,【公式】アニメ「ポケットモンスター レックウザ ライジング」エンディングテーマ「ピッカーン！」,iKuLBnTU1dE,3839004,0,0.0,0,8907.2,431,,0,0.0
303,2025/10/25,なにわ男子,アシンメトリー,なにわ男子 - アシンメトリー [Official Music Video YouTube ver.],5YI0KW4k6U8,3785560,54328,1.44,27876,29807.6,127,,0,0.0
304,2025/01/08,吉澤 嘉代子,月曜日戦争,吉澤嘉代子「月曜日戦争」MUSIC VIDEO,kh3H0M9bKo8,3777695,85520,2.26,872,1203.1,3140,,0,0.0
305,2025/03/05,緑黄色社会,馬鹿の一つ覚え,緑黄色社会『馬鹿の一つ覚え』Official Video / Ryokuoushoku Shakai – Bakano Hitotsuoboe,oowSgjv49vk,3731773,25078,0.67,426,9423.7,396,,0,0.0
306,2025/03/20,STPR Creators,PEACE,【MV】PEACE - 2025ver. ／ STPR Creators 【すとぷり/騎士A/AMPTAK/めておら】,uDjJ8knTOKs,3635580,66396,1.83,11123,13268.5,274,,0,0.0
307,2025/02/19,緑黄色社会,僕らはいきものだから,緑黄色社会『僕らはいきものだから』Official Video / Ryokuoushoku Shakai – Bokurawa Ikimonodakara,h5uP8eqKah8,3616505,29599,0.82,580,8001.1,452,,0,0.0
308,2025/08/30,STPR Creators,STAR to STPR,【MV】STAR to STPR ／ STPR Creators,AJeElzV6Bbo,3525851,62223,1.76,12956,13561.0,260,,0,0.0
309,2025/01/03,ZEROBASEONE,Only One Story,【公式】アニメ「ポケットモンスター レックウザ ライジング」オープニングテーマ「Only One Story」,tsBmIw4OuSs,3520234,0,0.0,0,8167.6,431,,0,0.0
310,2024/07/27,ハムちゃんず,ハム太郎とっとこうた,【アニメ】「ハム太郎とっとこうた」　（歌：ハムちゃんず）【公式】とっとこハム太郎のオープニングテーマ曲　その１,Lg96zmH7D7w,3468420,25258,0.73,914,2286.4,1517,,0,0.0
311,2024/04/27,コレサワ,♡人生♡,コレサワ「♡人生♡」【Lyric Video】,WNISLPMUz1E,3417236,26822,0.78,342,5714.4,598,,0,0.0
312,2024/08/24,大野克夫バンド,「名探偵コナン」メイン・テーマ,コナンBGM No 1　「名探偵コナン　メイン･テーマ」,1XWe2MBaLRI,3321404,21240,0.64,982,741.1,4482,,0,0.0
313,2024/12/17,ざらめ,六等星,六等星,5Y-2neQjQLw,3301786,22566,0.68,178,6398.8,516,,0,0.0
314,2024/08/17,すとぷり,雨天決行,【MV】雨天決行／すとぷり,_jGlfq85PJA,3227449,41591,1.29,5749,5889.5,548,,0,0.0
315,2025/01/24,MYERA,Lie ライ Lie ライ,MYERA “Lie ライ Lie ライ” Official MusicVideo,TUY3F-59ctw,3216981,0,0.0,2245,9191.4,350,,0,0.0
316,2024/10/22,「おかあさんといっしょ」より,きんらきらぽん,きんらきらぽん（新エンディング）NHK Eテレおかあさんといっしょ,VodLbh7S734,3122830,3276,0.1,0,2330.5,1340,,0,0.0
317,2025/01/29,DISH//,朝、月面も笑っている,DISH// - 朝、月面も笑っている [Official Video]｜フジテレビ系「めざましテレビ」テーマソング,LFG_iqpGMss,3048662,16555,0.54,758,5583.6,546,,0,0.0
318,2025/03/11,AMPTAKxCOLORS,DOWN TOWN SWING,【MV】DOWN TOWN SWING ／AMPTAKxCOLORS【アンプタック】,hjtYICw0PFA,2986748,34691,1.16,3309,5520.8,541,,0,0.0
319,2024/05/05,『おかあさんといっしょ』,ぼよよん行進曲,♪ぼよよん行進曲 - どんなたいへんな ことがおきたって〜🎵〈振り付き〉（NHK Eテレ「おかあさんといっしょ」より）,O5Ht4CMkYG4,2950482,8130,0.28,144,1902.3,1551,,0,0.0
320,2025/05/31,『ユイカ』,おくすり,おくすり / 『ユイカ』【MV】,-qSqMSsJ4AE,2944611,37884,1.29,1451,9377.7,314,,0,0.0
321,2025/02/01,超ときめき♡宣伝部,こんなあたしはいかがですか,超ときめき♡宣伝部 / 「こんなあたしはいかがですか」Music Video,9x-EEsp9MwI,2897505,24254,0.84,1765,6833.7,424,,0,0.0
322,2022/06/01,After the Rain (そらる×まふまふ),１・２・３,１・２・３,AqnNLbK9rrc,2617228,13870,0.53,0,1907.6,1372,,0,0.0
323,2025/03/16,AMPTAKxCOLORS,うわーーー！！！！！！,【MV】うわーーー！！！！！！／AMPTAKxCOLORS【アンプタック】,XXXvtvj0MfQ,2568063,39922,1.55,3093,5890.1,436,,0,0.0
324,2025/08/31,Wienners,WINNER！ゴジュウジャー！,Wienners - WINNER！ゴジュウジャー！＜『ナンバーワン戦隊ゴジュウジャー』オープニング・テーマ＞ [Official Audio],VaPUPgH1-zM,2555417,11822,0.46,512,9394.9,272,,0,0.0
325,2025/03/01,莉犬,へんしん！,【MV】へんしん!／莉犬【村井の恋OP】,1XZ_t2xtWMk,2528930,56365,2.23,6417,6079.2,416,,0,0.0
326,2024/12/21,AMPTAKxCOLORS,ぶんぶぶんぶぶん,【MV】ぶんぶぶんぶぶん／AMPTAKxCOLORS【アンプタック】,1DaaXdx37So,2518492,30717,1.22,3052,3120.8,807,,0,0.0
327,2024/08/15,合唱,この地球のどこかで,【合唱】この地球のどこかで (歌詞付き),rzym4THJtcI,2332705,11334,0.49,882,830.1,2810,,0,0.0
328,2024/09/24,すとぷり,虹のはじまり,【MV】虹のはじまり／すとぷり【HoneyWorks】,bJvIcIVsgks,2316930,35028,1.51,5924,4282.7,541,,0,0.0
329,2024/12/25,HoneyWorks,死ぬまでダーリン,死ぬまでダーリン feat. 望月あかり（CV：阿澄佳奈）／HoneyWorks,1GguL5dZd3M,2308328,56112,2.43,1605,4092.8,564,,0,0.0
330,2024/11/07,めておら - Meteorites -,FIRST 1MPACT,【初オリジナル曲】FIRST 1MPACT / めておら【STPR新人歌い手グループ】【Meteorites】,tT3grNOdB8g,2247791,68214,3.03,3448,4559.4,493,,0,0.0
331,2025/03/29,いろはにほへっと あやふぶみ,雨トキメキ恋模様,【MV】雨トキメキ恋模様 / いろはにほへっと あやふぶみ,td0eO78wxSI,2238156,51979,2.32,1724,6582.8,340,,0,0.0
332,2024/08/08,ブンドリオ・ブンデラス(CV:松本 梨香),コツコツ-PON-PON,コツコツ-PON-PON,irB0C3g_NyQ,2137269,7906,0.37,0,3430.6,623,,0,0.0
333,2025/09/27,キュアアイドル(CV：松岡美里)&キュアウインク(CV：髙橋ミナミ)&キュアキュンキュン(CV：高森奈津美)&キュアズキューン(CV：南條愛乃)&キュアキッス(CV：花井美春）,キミとルララ,「キミとアイドルプリキュア♪」後期エンディング主題歌「キミとルララ」(ノンテロップver),UqfS7TaV7xo,1950487,14741,0.76,0,11966.2,163,,0,0.0
334,2024/06/02,由紀 さおり・安田 祥子,手のひらを太陽に,【♪うたアニメ】手のひらを太陽に〈うた：いっちー＆なる〉ぼくらはみんな　生きている〜♪【童謡・こどものうた】,7vsl87kKdFM,1814599,2639,0.15,0,2288.3,793,,0,0.0
335,2025/03/24,Omoinotake,ラストノート,Omoinotake | ラストノート 【Official Music Video】,s5nnCiI78FI,1793004,9341,0.52,271,4706.0,381,,0,0.0
336,2025/10/04,HANA,Blue Jeans,Blue Jeans,9p15MdpVAO0,1765269,17319,0.98,143,4457.8,396,,0,0.0
337,2024/10/08,Girls2 x iScream,D.N.A.,DNA.,ue4xoNqdc2I,1722922,25824,1.5,184,638.4,2699,,0,0.0
338,2028/10/18,広告用,広告用,【2ch有益スレ】YouTubeウザい広告の歴史がｺﾁﾗw #2ch有益スレ #shorts vol.598,8ANgKT_fIB8,1719464,54695,3.18,3609,2773.3,620,,0,0.0
339,2025/04/12,『ユイカ』,僕らしさ,僕らしさ / 『ユイカ』【MV】,cXaU8gAbCRY,1690497,28816,1.7,647,3904.2,433,,0,0.0
340,2024/04/07,吉武千颯,わんだふるぷりきゅあ!EVOLUTION!!,わんだふるぷりきゅあ！evolution!!,iQxl-nohiqA,1689587,8294,0.49,0,2820.7,599,,0,0.0
341,2025/02/09,King & Prince,WOW,林 和希「Wow」Official Music Video,3AlwHCW3Zv0,1608114,12836,0.8,549,1716.2,937,,0,0.0
342,2024/08/02,『おかあさんといっしょ』,ドンスカパンパンおうえんだん,♪ドンスカパンパンおうえんだん〈振り付き〉ドンスカドン　ドンスカドン　ドンスカドンスカ　ドンドンドン～♪【おかあさんといっしょ・おかいつ】,BroJdJsFC6Y,1564086,1393,0.09,0,1855.4,843,,0,0.0
343,2024/05/16,コロムビア・オーケストラ,プリキュア5、スマイル go go!,プリキュア5、スマイル go go！,tAk0D14F_UM,1558176,8621,0.55,0,756.0,2061,,0,0.0
344,2024/06/22,山内 惠介,イチカバチカ,TVアニメ「はなかっぱ」EDテーマ「イチカバチカ」映像,hyNymq0bLmc,1523061,3449,0.23,0,1677.4,908,,0,0.0
345,2024/04/09,WEST.,証拠,"WEST. - 証拠 from WOWOW presents WEST. 10th Anniversary Live ""W""",WsZzYDa6XYE,1518408,32943,2.17,1807,3539.4,429,,0,0.0
346,2024/05/03,ドリーミング・アンパン合唱団,勇気りんりん,勇気りんりん,dB9WAlAdP9w,1420933,4137,0.29,0,2941.9,483,,0,0.0
347,2024/07/15,坂田 おさむ,にじのむこうに,にじのむこうに（おかあさんといっしょ）／坂田おさむ＆坂田めぐみ,N1DZ0GCgIhA,1343480,4222,0.31,204,1294.3,1038,,0,0.0
348,2024/07/04,『おかあさんといっしょ』ファンターネ!OP,ファンターネ!,「 ファンターネOP～ファン ファン ファン！」♪スペステ2022から,8yJffvClwuY,1303313,0,0.0,0,2617.1,498,,0,0.0
349,2025/05/24,キュアアイドル(CV：松岡美里)＆キュアウインク(CV：髙橋ミナミ)＆キュアキュンキュン(CV：高森奈津美),Trio Dreams,Trio Dreams,vcmMasgssFg,1172952,7350,0.63,0,4991.3,235,,0,0.0
350,2024/04/07,⽯井あみ＆後本萌葉,FUN☆FUN☆わんだふるDAYS!,FUN☆FUN☆わんだふるDAYS！,1ikx1Dkf_Us,1147094,5511,0.48,0,1915.0,599,,0,0.0
351,2024/04/23,INI,New Day,G-k.i.d - NEW DAY [Official Music Video],__L6bFKwDSg,1110115,9703,0.87,362,3700.4,300,,0,0.0
352,2024/07/12,いれいす,恋の約束,【MV】恋の約束 -2025 ver.- / いれいす,37Ygo1fj43A,1095287,21715,1.98,2944,15873.7,69,,0,0.0
353,2024/06/30,yama×ぼっちぼろまる,ハロ,ハロ,o2PwpMc9Bks,1083219,4995,0.46,47,1385.2,782,,0,0.0
354,2025/04/19,石井あみ・熊田茜音・吉武千颯,キミとアイドルプリキュア♪ Light Up!,キミとアイドルプリキュア♪ Light Up！,a2OEqn586AU,952667,5386,0.57,0,4053.9,235,,0,0.0
355,2025/01/01,AMPTAKxCOLORS,恋うらら,【MV】恋うらら／AMPTAKxCOLORS【アンプタック】,7sYWi7_gBsI,932038,14891,1.6,1920,1354.7,688,,0,0.0
356,2024/11/24,9Lana,Let me battle,【公式】アニメ「ポケットモンスター　テラスタルデビュー」エンディングテーマ「Let me battle」,Pq3RedHvV-A,823769,0,0.0,0,1343.8,613,,0,0.0
357,2024/09/01,石井あみ＆後本萌葉,しあわせえぼりゅ～しょん♡,しあわせえぼりゅ～しょん♡ ～こむぎ＆いろはVer.～,DRi7GdbkOBI,797612,4160,0.52,0,1764.6,452,,0,0.0
358,2025/03/21,フォーエイト48,えびぞりターン!,【MV】フォーエイト48 – えびぞりターン！（Official Music Video）,lhjSMaV18Is,639961,9162,1.43,473,1474.6,434,,0,0.0
359,2025/03/14,asmi,こっち向いてほい,こっち向いてほい - asmi (Official Music Video),JYgWfE10Pt0,611252,10815,1.77,172,1587.7,385,,0,0.0
360,2024/08/22,むくえな,おやすみロマンス,おやすみロマンス / むくえな（Official Music Video）,kRC6jAgrT2I,582911,16450,2.82,818,474.3,1229,,0,0.0
361,2024/12/12,赤血球(CV:花澤香菜)・白血球(CV:前野智昭),ミッション!健・康・第・イチ,ミッション！ 健・康・第・イチ,oUvD1aGDycM,541357,4730,0.87,0,1841.4,294,,0,0.0
362,2024/12/05,Knight A -騎士A-,EDEN,"Eden (feat. Cordae, DJ Jazzy Jeff)",AgUkasl_xYc,480085,3507,0.73,0,2212.4,217,,0,0.0
363,2024/04/22,マルシィ,ラブソング,ずっとラブソング / Vaundy：MUSIC VIDEO,wriTi0J_-1A,475282,12787,2.69,463,475282.0,1,,0,0.0
364,2024/09/29,すとぷり,生まれたその時から,生まれたその時から,hdWov4QwjzM,433898,17285,3.98,453,774.8,560,,0,0.0
365,2025/03/12,赤血球(CV:花澤香菜)・白血球(CV:前野智昭) 他,GO!GO!細胞フェスタ,GO!GO!細胞フェスタ,spGg6e2GUR4,332405,2040,0.61,0,205.2,1620,,0,0.0
366,2025/01/04,深澤 恵梨香,HAPPY≒FUTURE,Happy≒Future,Z4UX7UMU1LU,289672,1840,0.64,0,670.5,432,,0,0.0
367,2024/07/11,合唱,たいようのサンバ,たいようのサンバ,5JMCv6Q8OEM,178146,734,0.41,0,65.6,2716,,0,0.0
368,2025/01/05,DECO*27,モニタリング,DECO*27 - モニタリング (Best Friend Remix)／リゼ・ヘルエスタ(cover),LBneNFFePwo,147297,28695,19.48,773,147297.0,1,,0,0.0
369,2024/08/25,CANDY TUNE,キス・ミー・パティシエ,キス・ミー・パティシエ,HFC-Zrfsab4,125250,709,0.57,3,515.4,243,,0,0.0
370,2025/03/15,幾田りら,百花繚乱,幾田りら／Lilas「In Bloom」アニメMV｜TVアニメ『薬屋のひとりごと』第2期第1クールOPテーマ「百花繚乱」英語Ver,rYZJf06VR6Y,23610,3025,12.81,71,23610.0,1,,0,0.0
371,2025/06/28,Mrs. GREEN APPLE,breakfast,The Breakfast Club Daily Live Stream!,qoVt5Hn4TVg,15346,1037,6.76,14,15346.0,1,,0,0.0
372,2025/04/03,FRUITS ZIPPER,かがみ,【龍が如く８外伝 Pirates in Hawaii】旅の合間のサブクエ回＃６.５【にじさんじ/加賀美ハヤト】,wLxaQEtPYq4,9899,1068,10.79,0,9899.0,1,,0,0.0
373,2024/04/10,Vaundy,踊り子,【#NHK紅白】アーカイブ限定公開｜ 踊り子 ／ Vaundy（第75回）｜紅白歌合戦｜NHK,u-Rk1-rkhLE,4459,302,6.77,0,4459.0,1,,0,0.0
374,2024/04/17,Mr.Children,HANABI,23 KILLS HANABI NEW BROKEN BUFFED BUILD IS FINALLY HERE!!😱💀 ( PLS ABÚSE THIS NEW BUILD! ) - MLBB,HSQ0vAouEAY,402,27,6.72,3,402.0,1,,0,0.0
