id,アーティスト名,曲名,動画タイトル,Video ID,再生数,高評価数,支持率(%),コメント数,急上昇度(views/day),公開日数,人気度順位,支持率順位,エンゲージメント順位,急上昇度順位,総合順位
10011594,サツキ,メズマライザー,メズマライザー / 初音ミク・重音テトSV,19y8YTbvri8,172148749,1890785,1.1,110645,289812.7,594,19,114,8,7,1
10010252,Ado,うっせぇわ,【Ado】うっせぇわ,Qp3b-RXtz4w,397354110,3608632,0.91,239401,211809.2,1876,4,153,4,16,2
10011600,こっちのけんと,はいよろこんで,はいよろこんで / こっちのけんと MV,jzi6RNVEOtA,197179144,1859780,0.94,59142,350229.4,563,16,148,16,3,3
10012858,Creepy Nuts,オトノケ,Creepy Nuts - オトノケ(Otonoke) 【Official MV】 [Dandadan OP],tRwHpyOq4P4,89220032,1086986,1.22,23308,212428.6,420,49,88,53,15,4
10014935,なきそ,いますぐ輪廻,いますぐ輪廻 / 初音ミク,3iUgKH8c7p4,36913431,661594,1.79,20883,277544.6,133,117,37,64,8,5
10013119,King & Prince,WOW,"Post Malone - ""Wow."" (Official Music Video)",393C3pr2ioY,359159316,3009538,0.84,47736,146059.1,2459,6,174,18,30,6
10013055,DECO*27,モニタリング,DECO*27 - モニタリング feat. 初音ミク,kbNdx0yqbZE,97714662,1108347,1.13,18317,253804.3,385,42,104,74,11,7
10010259,Eve,廻廻奇譚,廻廻奇譚 - Eve MV,1tk1pqwrOys,442597039,3106078,0.7,84313,239500.6,1848,2,222,11,13,8
10013450,ちゃんみな,Sad Song,ちゃんみな - SAD SONG feat. No No Girls FINALISTS / THE FIRST TAKE,CFBStXempJY,27445667,550974,2.01,23375,131319.0,209,148,25,51,34,9
10012692,弌誠,モエチャッカファイア,モエチャッカファイア / 弌誠：MUSIC VIDEO,wZlv3qDPfjk,89779235,952873,1.06,19329,177429.3,506,47,119,69,23,10
10013086,柊マグネタイト,テトリス,テトリス / 重音テトSV,Soy4jGPHr3g,101626430,875547,0.86,23329,255342.8,398,39,168,52,10,11
10013289,米津 玄師,BOW AND ARROW,米津玄師 Kenshi Yonezu - BOW AND ARROW,M-Eyhjkepy0,31278883,467241,1.49,26555,110918.0,282,133,53,43,43,12
10010265,FloweR,グッバイ宣言,Chinozo 'グッバイ宣言' feat.FloweR,dHXC_ahjtEE,149560188,1357392,0.91,84514,72286.2,2069,25,154,10,87,13
10011293,YOASOBI,たぶん,YOASOBI「たぶん」Official Music  Video,8iuLXODzL04,157654753,1634631,1.04,22333,79987.2,1971,22,120,56,78,14
20010080,Number_i,INZM,Number_i - INZM (Official Music Video),QmaNuj4n9Ec,72577294,586379,0.81,118876,151202.7,480,64,184,5,29,15
20010023,Creepy Nuts,Bling-Bang-Bang-Born,Creepy Nuts｢Bling-Bang-Bang-Born｣ × TV Anime｢マッシュル-MASHLE-｣ Collaboration Music Video #BBBBダンス,mLW35YMzELE,434872534,2642537,0.61,47634,670065.5,649,3,260,19,2,16
10010631,SEKAI NO OWARI,Habit,SEKAI NO OWARI「Habit」,8OZDgBmehbA,237558571,1531306,0.64,45666,179424.9,1324,11,240,20,21,17
10010909,稲葉曇,ラグトレイン,稲葉曇『ラグトレイン』Vo. 歌愛ユキ,UnIhRpIT7nc,88442791,1176842,1.33,21561,44781.2,1975,50,67,59,127,18
10010342,TK from 凛として時雨,unravel,TK from 凛として時雨 『unravel』 Music Video(Full Size),Fve_lHIPa-I,79153062,1058124,1.34,25105,40220.1,1968,58,65,49,139,19
10010292,Ado,ギラギラ,【Ado】ギラギラ,sOiMD45QGLs,205225430,1355654,0.66,44556,116473.0,1762,13,238,22,41,20
10010257,藤井 風,きらり,Fujii Kaze - Kirari (Official Video),TcLLpZBWsck,165479988,1209540,0.73,37670,99387.4,1665,20,211,29,55,21
10010414,Vaundy,踊り子,【第75回NHK紅白歌合戦 歌唱曲】踊り子 / Vaundy：MUSIC VIDEO,7HgJIAUtICU,137183133,1208305,0.88,19468,92317.0,1486,27,158,68,63,22
10011101,yama,春を告げる,yama - 春を告げる (Official Video),DC6JppqHkaM,183007550,1420996,0.78,28516,88623.5,2065,18,194,38,67,23
10011568,jon-YAKITORY,混沌ブギ,"混沌ブギ / jon-YAKITORY, 初音ミク -Konton Boogie / jon-YAKITORY, Hatsune Miku-",1Swg-aBO9eY,81495588,758654,0.93,21283,97599.5,835,55,149,60,56,24
10011117,いよわ feat.可不,きゅうくらりん,きゅうくらりん / いよわ feat.可不（Kyu-kurarin / Iyowa feat.Kafu）,2b1IexhKPz4,94597258,909354,0.96,29499,60406.9,1566,43,144,36,99,25
10011446,SEVENTEEN,舞い落ちる花びら (Fallin' Flower),[MV]SEVENTEEN - 舞い落ちる花びら (Fallin' Flower),u4iDL3c0T1c,58308922,985284,1.69,64309,27912.4,2089,82,44,13,184,26
10014174,吉本おじさん,お返事まだカナ？おじさん構文！,お返事まだカナ💦❓おじさん構文😁❗️ / 雨衣,8E8aWeY-pAc,33567787,430173,1.28,13380,172142.5,195,128,74,104,25,27
10012956,サカナクション,怪獣,サカナクション / 怪獣　-Music Video-,a8dgNdJVluc,51467998,520949,1.01,15333,189918.8,271,92,127,93,19,28
10010202,米津玄師,Lemon,米津玄師  Kenshi Yonezu  - Lemon,SX_ViT4Ra7k,952486081,3452697,0.36,285390,334793.0,2845,1,326,3,5,29
10012524,Ado,ルル,【Ado】ルル (RuLe),0Z_YqhYHhpg,48496258,567472,1.17,16394,92550.1,524,96,94,87,61,30
10013844,DECO*27,テレパシ feat. 初音ミク,DECO*27 - テレパシ feat. 初音ミク,c56TpxfO9q0,39607541,509273,1.29,10894,134719.5,294,113,73,125,33,31
10011572,Mrs. GREEN APPLE,ライラック,Mrs. GREEN APPLE「ライラック」Official Music Video,QjrkrVmC-8M,208448237,909222,0.44,45075,342842.5,608,12,308,21,4,32
10012826,ハチ,ドーナツホール,"ハチ - ドーナツホール 2024 , HACHI - DONUT HOLE 2024",y7fu_nNQAEQ,28159633,553570,1.97,16666,64291.4,438,143,28,81,95,33
10011548,吉田 夜世,オーバーライド,オーバーライド - 重音テトSV[吉田夜世],LLjfal8jCYI,89979150,683064,0.76,18796,120939.7,744,46,199,71,39,34
10013714,雨良 Amala,ダイダイダイダイダイキライ,ダイダイダイダイダイキライ - 初音ミク VS 重音テト  (Daidaidaidaidaikirai - HatsuneMiku VS KasaneTeto),klIxS5o65C4,41589605,502285,1.21,10297,152903.0,272,110,89,132,28,35
10010471,ずっと真夜中でいいのに。,秒針を噛む,ずっと真夜中でいいのに。『秒針を噛む』MV (ZUTOMAYO – Byoushinwo Kamu),GJI4Gv7NbmE,149653022,1152582,0.77,31697,54478.7,2747,24,195,32,110,36
10013680,Mrs. GREEN APPLE,クスシキ,Mrs. GREEN APPLE「クスシキ」Official Music Video,RCaTLn4qoz4,68710954,432977,0.63,28394,274843.8,250,70,246,39,9,37
10010418,Aimer,残響散歌,Aimer「Zankyosanka」MUSIC VIDEO（Demon Slayer:Kimetsu no Yaiba Entertainment District Arc Theme Song）,tLQLa6lM3Us,282312316,1420321,0.5,25136,193364.6,1460,10,291,47,17,38
10010768,ヨルシカ,だから僕は音楽を辞めた,ヨルシカ - だから僕は音楽を辞めた (Music Video),KTZ-y85Erus,204184724,1287678,0.63,30480,83579.5,2443,14,245,33,73,39
10010282,RADWIMPS,前前前世,RADWIMPS - 前前前世 (movie ver.) [Official Music Video],PDSkFeMVNFs,345908148,1595759,0.46,112645,101707.8,3401,8,303,6,52,40
10012095,米津 玄師,さよーならまたいつか!,"米津玄師 - さよーならまたいつか！ Kenshi Yonezu - Sayonara, Mata Itsuka !",-wb2PAx6aEs,108864203,605705,0.56,28581,178759.0,609,36,275,37,22,41
10010276,back number,水平線,back number - 水平線,iqEr3P78fz8,283423639,1153123,0.41,41561,145944.2,1942,9,314,25,31,42
10011440,SEVENTEEN,今-明日 世界が終わっても-,SEVENTEEN (세븐틴) '今 -明日 世界が終わっても-' (Ima -Even if the world ends tomorrow-) Official MV,vvN4FgqNXwE,30173601,587831,1.95,21161,35835.6,842,136,29,62,154,43
10010488,米津玄師,LOSER,"米津玄師 - LOSER , Kenshi Yonezu",Dx_fKPBPYUI,357053685,1413308,0.4,67155,105793.7,3375,7,317,12,48,44
10010347,Ado,阿修羅ちゃん,【Ado】阿修羅ちゃん,cyq5-StPISU,113027929,905337,0.8,16431,75101.6,1505,33,188,85,84,45
10010399,ピノキオピー,神っぽいな feat. 初音ミク,ピノキオピー - 神っぽいな feat. 初音ミク / God-ish,EHBFKhLUVig,87779682,842963,0.96,15934,56741.9,1547,52,145,89,105,46
10010555,ヨルシカ,春泥棒,ヨルシカ - 春泥棒（OFFICIAL VIDEO）,Sw1Flgub9s8,121045940,816366,0.67,25107,67360.0,1797,31,231,48,91,47
10010390,Reol,第六感,Reol - '第六感 / THE SIXTH SENSE' Music Video,Ue6VQTcKPQo,80416155,773085,0.96,18174,40986.8,1962,57,143,75,136,48
10012722,YOASOBI,UNDEAD,YOASOBI「UNDEAD」 Official Music Video／『〈物語〉シリーズ オフ&モンスターシーズン』主題歌,Jj1_mfUzjOs,84648136,586692,0.69,12183,186861.2,453,53,224,116,20,49
10010640,Official髭男dism,イエスタデイ,"Yesterday (With Spoken Word Intro / Live From Studio 50, New York City / 1965)",wXTJBr9tt8Q,102278362,869751,0.85,25346,35050.8,2918,38,172,45,158,50
10011540,原口沙輔,イガク,イガク - 重音テト,F38EuG2dAyM,49968798,513262,1.03,12201,76639.3,652,93,124,115,81,51
10010524,米津玄師,アイネクライネ,"米津玄師  - アイネクライネ , Kenshi Yonezu - Eine Kleine",-EKxzId_Sj4,366968005,1348625,0.37,62749,85880.6,4273,5,325,15,69,52
10010502,milet×Aimer×幾田りら,おもかげ,milet×Aimer×幾田りら - おもかげ (produced by Vaundy) / THE FIRST TAKE,Z2Z9V-4DMGw,72500307,687771,0.95,15923,49828.4,1455,65,146,90,117,53
10010299,すとぷり,プロポーズ,natori - Propose,VDdLF1YubI0,43612358,472033,1.08,5998,230753.2,189,105,118,184,14,54
10012261,Number_i,BON,Number_i - BON (Official Music Video),0kKd6fVPayU,81818667,241819,0.3,344460,145068.6,564,54,336,1,32,55
10014934,Mrs. GREEN APPLE,GOOD DAY,Mrs. GREEN APPLE「GOOD DAY」Official Music Video,TLJqi0IjMwo,11868574,146075,1.23,16439,169551.1,70,235,85,84,26,56
10010253,菅田将暉,虹,菅田将暉 『虹』,hkBbUf4oGfA,183781329,721898,0.39,25704,99718.6,1843,17,318,44,54,57
10011930,GEMN,ファタール,ファタール / GEMN - Fatal / GEMN,8tQiWHXSGN0,68282538,487905,0.71,12927,130310.2,524,72,218,107,36,58
10011556,星街すいせい,ビビデバ,ビビデバ / 星街すいせい(official),8ZP5eqm4JqM,158109225,0,0.0,38583,251366.0,629,21,372,28,12,59
10010408,優里,かくれんぼ,AliA / かくれんぼ【Official Music Video】,oi8ArKYLwBY,98376566,791120,0.8,19700,39461.1,2493,41,187,67,141,60
10012756,CUTIE STREET,かわいいだけじゃだめですか？,【MV】CUTIE STREET「かわいいだけじゃだめですか？」,jZqTz1G8G04,66890885,349609,0.52,22990,158509.2,422,74,283,54,27,61
10010287,ツミキ,フォニイ,フォニイ / phony - kafu [オリジナル],9QLT1Aw_45s,71987495,682554,0.95,13679,43602.4,1651,67,147,100,129,62
10011405,meiyo,なにやってもうまくいかない,【meiyo】なにやってもうまくいかない【MV】,vxoKuhPca-A,49048486,646736,1.32,12353,31891.1,1538,95,68,114,170,63
10010687,Kanaria,酔いどれ知らず feat.GUMI,【GUMI】酔いどれ知らず【Kanaria】,vB8sxY_PJ_w,55832873,557027,1.0,13670,42297.6,1320,84,132,101,132,64
10014010,Mrs. GREEN APPLE,breakfast,Mrs. GREEN APPLE「breakfast」Official Music Video,-zsYJTSw_V0,33602416,253260,0.75,14504,176854.8,190,127,202,97,24,65
10011343,Orangestar (feat. 夏背 & ルワン),Surges,Orangestar - Surges (feat. 夏背 & ルワン) / カロリーメイト web movie,QvWsAIc5mO8,61116230,591233,0.97,16422,38607.9,1583,80,140,86,145,66
10011557,ME:I,Click,ME:I (ミーアイ) ⊹ 'Click' Official MV,G-LdNMa99oQ,33351943,270830,0.81,39909,53192.9,627,129,183,27,112,67
10014374,ピノキオピー,T氏の話を信じるな,ピノキオピー - T氏の話を信じるな feat. 初音ミク・重音テト / Don’t Believe in T,Jtm6ikBIl0g,16870126,249381,1.48,9250,100417.4,168,201,55,143,53,68
10011579,宝鐘マリン & Kobo Kanaeru,III,III (Cover) | Justen x Sena,eUJjeYVlEKA,25636576,357492,1.39,5711,97477.5,263,154,60,187,57,69
10014801,DECO*27,チェリーポップ feat. 初音ミク,DECO*27 - チェリーポップ feat. 初音ミク,BI9Ue6JwJic,14375009,275538,1.92,7347,102678.6,140,218,30,160,51,70
10012757,tuki.,ひゅるりらぱっぱ,tuki.『ひゅるりらぱっぱ』Official Music Video,AOfaWrBwo7I,46278974,459969,0.99,6667,94446.9,490,98,133,170,58,71
10010264,YOASOBI,三原色,YOASOBI「三原色」Official Music Video,nhOhFOoURnE,101132311,684839,0.68,15213,62312.0,1623,40,230,94,98,72
20010016,Snow Man,ブラザービート,Snow Man「ブラザービート」Music Video,LZW4zUmE0qY,117346336,0,0.0,86071,85033.6,1380,32,353,9,70,73
10013085,こっちのけんと,もういいよ,もういいよ / こっちのけんと MV,svbfMJJk_90,29384238,322080,1.1,11259,69466.3,423,137,115,123,89,74
10010505,湊あくあ,＃あくあ色ぱれっと,【original】#あくあ色ぱれっと【ホロライブ/湊あくあ】,6bnaBnd4kyU,34194062,432105,1.26,36174,18624.2,1836,126,79,30,229,75
10012922,宝鐘マリン,幽霊船戦,【original anime MV】幽霊船戦【hololive/宝鐘マリン】,QfGuQELt1Tk,16889696,365172,2.16,16524,33847.1,499,200,23,83,160,76
10011521,友成空,鬼ノ宴,"友成空(TOMONARI SORA) - ""Demons Banquet"" ［Lyric Video］",NFzyrPK9rtM,75451088,531749,0.7,9981,107480.2,702,62,221,138,47,77
10011002,MAISONdes,トウキョウ・シャンディ・ランデヴ,"【239】[feat. 花譜, ツミキ] トウキョウ・シャンディ・ランデヴ / MAISONdes",NFMmSOWPj_k,76458248,524936,0.69,14748,67423.5,1134,61,226,96,90,78
10013448,米津 玄師,PLAZMA,米津玄師  Kenshi Yonezu - Plazma,fp3F6TqBsAU,35022710,277066,0.79,11842,107762.2,325,122,191,121,46,79
10011085,音羽-otoha-,ダンスホール,Mrs. GREEN APPLE「ダンスホール」Official Music Video,x2rvSf0STBM,152747417,621182,0.41,12790,121036.0,1262,23,315,108,38,80
10010327,みきとP,ロキ,みきとP 『 ロキ 』 MV,Xg-qfsKN2_E,88022991,637616,0.72,25277,30939.5,2845,51,215,46,172,81
10010655,WANIMA,ともに,WANIMA - ともに (OFFICIAL VIDEO),qag4ewos4TE,197982228,701260,0.35,27864,57855.7,3422,15,327,40,104,82
10010682,ピノキオピー,転生林檎 feat. 初音ミク,ピノキオピー - 転生林檎 feat. 初音ミク / Reincarnation Apple,LYWP8HtgeLQ,54826556,551317,1.01,9083,42567.2,1288,86,129,145,131,83
10012029,コムドット,拝啓、俺たちへ,コムドット「拝啓、俺たちへ」Official Music Video,Pyum09A4-SQ,22702572,256943,1.13,16568,40468.0,561,171,105,82,138,84
10011315,Snow Man,Dangerholic,Snow Man「Dangerholic」Music Video YouTube Ver.,i-PnC1tYnGM,81396324,0,0.0,41993,93882.7,867,56,361,24,59,85
10010652,Snow Man,D.D.,Snow Man「D.D.」MV (YouTube ver.),rSD7jb4Xjq8,122528244,0,0.0,333056,56231.4,2179,30,362,2,107,86
10010760,v4 flower,ベノム,【公式】 ベノム／かいりきベア feat.flower,oRJBwaZ59fQ,70794007,589943,0.83,18964,26337.1,2688,68,176,70,190,87
10014406,LiSA,残酷な夜に輝け,LiSA『残酷な夜に輝け』MUSiC CLiP,ysdtX8kRTuQ,15605891,178855,1.15,8225,110680.1,141,209,102,152,44,88
10015032,=LOVE,ラブソングに襲われる,＝LOVE（イコールラブ）/ 19th Single『ラブソングに襲われる』【MV full】,_cf4UTe1qrY,12554451,127253,1.01,12147,129427.3,97,228,126,117,37,89
10013316,Mrs. GREEN APPLE,ビターバカンス,Mrs. GREEN APPLE「ビターバカンス」Official Music Video,-6YeAmmRdoA,49454614,286033,0.58,12491,131179.3,377,94,268,111,35,90
10012694,マサラダ,㋰責任集合体,㋰責任集合体／重音テトSV,c5_0NPftdlY,24873715,344563,1.39,7502,42885.7,580,158,61,159,130,91
10013382,大漠波新,のだ,のだ / ずんだもん・初音ミク・重音テト,vY8iwpN3GXQ,27667225,320320,1.16,12132,36072.0,767,146,99,118,152,92
10010312,ユリイ・カノン,だれかの心臓になれたなら,だれかの心臓になれたなら /ユリイ・カノン feat.GUMI,hZFBTnzKa54,68620321,571837,0.83,21020,24001.5,2859,71,175,63,206,93
20010011,ナナヲアカリ,ダダダダ天使,ダダダダ天使 / ナナヲアカリ,ANp0qch3XVM,57634513,534896,0.93,21713,18865.6,3055,83,151,58,227,94
10015197,STARGLOW,Moonchaser,STARGLOW / Moonchaser -Music Video-,FTXk6epFQdM,4585159,108257,2.36,13457,56606.9,81,296,15,103,106,95
10012889,宝鐘マリン,パイパイ仮面でどうかしらん？,【original anime MV】パイパイ仮面でどうかしらん？【hololive/宝鐘マリン】,hv2vo94FOF4,17665556,289007,1.64,9915,39083.1,452,192,45,139,144,96
10011595,ヨルシカ,晴る,ヨルシカ - 晴る（OFFICIAL VIDEO）,CkvWJNt77mU,73497267,458879,0.62,6915,113597.0,647,63,250,167,42,97
10013089,B小町,トワイライト,King Gnu - TWILIGHT!!!,qIcIpSyHcyM,24950173,216732,0.87,7874,105275.0,237,157,165,156,49,98
10011485,DECO*27,ボルテッカー feat. 初音ミク,DECO*27 - ボルテッカー feat. 初音ミク,C-7TIDIKc98,22631175,446001,1.97,8222,28113.3,805,172,27,153,182,99
10010218,黒うさ,千本桜,「ＭＶ」　千本桜　WhiteFlame feat 初音ミク,shs0rAiwsGQ,77493323,575894,0.74,26808,19238.7,4028,59,208,42,226,100
10013548,M!LK,イイじゃん,M!LK - イイじゃん(Official Music Video),GW-XMhRQDFI,23815453,156907,0.66,21253,84452.0,282,166,239,61,72,101
20010025,ちゃんみな,美人,ちゃんみな - 美人 / THE FIRST TAKE,ix9_dWrC2ec,29088904,492445,1.69,9602,21887.8,1329,139,43,141,216,102
10012920,NEWS,チャンカパーナ,NEWS – チャンカパーナ [Official Music Video],Ou1UG_PC43Q,27682317,249144,0.9,9047,64678.3,428,144,155,147,94,103
10010317,Saucy Dog,シンデレラボーイ,Saucy Dog「シンデレラボーイ」Music Video ＜5th Mini Album「レイジーサンデー」2021.8.25 Release＞,IVbY5edMfCA,128755620,627693,0.49,9351,81749.6,1575,28,295,142,76,104
10013745,=LOVE,とくべチュ、して,＝LOVE（イコールラブ）/ 18th Single『とくべチュ、して』【MV full】,F3P8vcZkIh4,27653225,148942,0.54,23847,88632.1,312,147,279,50,66,105
10013123,不破湊,一旦ステイ　TONIGHT,【MV】一旦ステイ TONIGHT / 不破湊,xbHcDKJ1vpA,20331680,248046,1.22,6974,53930.2,377,180,87,166,111,106
10014438,YOASOBI,WATCH ME!,YOASOBI「Watch me!」Official Music Video,evtoG-4dLM4,15788882,218238,1.38,5494,75908.1,208,208,62,193,82,107
10010291,すとぷり,おかえりらぶっ！,【MV】おかえりらぶっ！／すとぷり【HoneyWorks】,c3DazWbrI_Q,29040490,323726,1.11,29942,12176.3,2385,140,111,35,260,108
10010296,水野あつ,生きる feat. 可不,生きる  feat. 可不 - 水野あつ,91R2hdV_-aQ,28885289,390138,1.35,12757,18008.3,1604,141,64,109,234,109
10010303,syudou,キュートなカノジョ,【可不】キュートなカノジョ【syudou】,oFmup8lxUHw,42376934,434764,1.03,12369,24132.7,1756,106,125,113,204,110
10013547,CANDY TUNE,倍倍FIGHT！,【MV】CANDY TUNE「倍倍FIGHT!」,9HKbo1FstOE,30630912,193944,0.63,10883,110183.1,278,134,244,126,45,111
10011597,MY FIRST STORY×HYDE,夢幻,MY FIRST STORY × HYDE – “MUGEN” (from Anime “Demon Slayer: Kimetsu no Yaiba”) Official Music Video,1a3b7ZpUcn4,44574598,280840,0.63,10536,83161.6,536,101,247,129,75,112
10011506,FANTASTICS from EXILE TRIBE,STARBOYS,Starboy,plnfIj7dkJE,147793439,1091635,0.74,4689,52915.7,2793,26,209,207,113,113
10010771,水曜日のカンパネラ,エジソン,水曜日のカンパネラ『エジソン』,8tOIjOPZ5sA,70061422,426623,0.61,11916,50549.4,1386,69,258,120,116,114
10010793,wowaka,アンノウン・マザーグース,wowaka 『アンノウン・マザーグース』feat. 初音ミク / wowaka - Unknown Mother-Goose (Official Video) ft. Hatsune Miku,P_CSdxSGfaA,72024732,524485,0.73,17928,23739.2,3034,66,213,77,207,115
10011005,結束バンド,ギターと孤独と蒼い惑星,【Lyric Video】結束バンド「ギターと孤独と蒼い惑星」／ TVアニメ「ぼっち・ざ・ろっく！」第5話劇中曲,B7BxrAAXl94,44427583,380966,0.86,8835,39247.0,1132,103,170,149,142,116
10010561,DECO*27,乙女解剖 feat. 初音ミク,DECO*27 - 乙女解剖 feat. 初音ミク,7zwCIz-Ohn4,54668414,480727,0.88,14409,21693.8,2520,87,161,98,219,117
10014142,ナナヲアカリ,明日の私に幸あれ,明日の私に幸あれ / ナナヲアカリ,Z2icQoPrX9M,18584223,236502,1.27,4924,57894.8,321,187,76,201,103,118
10010963,ゲスの極み乙女。,私以外私じゃないの,ゲスの極み乙女「私以外私じゃないの」,Ae6gQmhaMn4,110723031,428353,0.39,30379,28383.2,3901,34,319,34,181,119
10011306,BE:FIRST,Shining One,BE:FIRST / Shining One -Music Video-,FGbv7b1UZAU,41263510,254718,0.62,62867,26132.7,1579,111,253,14,191,120
10010520,かいりきベア,ダーリンダンス feat.初音ミク,【公式】 ダーリンダンス／かいりきベア feat.初音ミク,Rkrm5foi188,46823877,451587,0.96,10723,24261.1,1930,97,142,128,203,121
10011277,キヨ,有頂天猫,キヨ 「有頂天猫」 Music Video,HHjQe9DYwN0,15385610,266456,1.73,17167,15943.6,965,211,40,79,241,122
10010560,164 feat.GUMI,天ノ弱 feat.GUMI,天ノ弱／164 feat.GUMI（公式),2-zPY0vrpjQ,59263296,506001,0.85,18607,14636.5,4049,81,171,72,247,123
10013284,CUTIE STREET,ひたむきシンデレラ！,【MV】CUTIE STREET「ひたむきシンデレラ！」,AtDErGSpfYQ,21361160,174681,0.82,12080,63764.7,335,176,181,119,96,124
10014372,Mrs. GREEN APPLE,StaRt,Mrs. GREEN APPLE - StaRt,OTUtF7ZxRN8,89740409,554040,0.62,20465,23553.9,3810,48,252,66,209,125
10014571,なにわ男子,アシンメトリー,なにわ男子 - アシンメトリー [Official Music Video YouTube ver.],5YI0KW4k6U8,3749917,54246,1.45,27727,30737.0,122,308,56,41,173,126
10010548,ピノキオピー,魔法少女とチョコレゐト feat. 初音ミク,ピノキオピー - 魔法少女とチョコレゐト feat. 初音ミク / Magical Girl and Chocolate,T2kS1gAbxhc,36509339,421722,1.16,6653,26341.5,1386,118,100,171,189,127
10010236,あいみょん,ハルノヒ,あいみょん – ハルノヒ【OFFICIAL MUSIC VIDEO】,pfGI91CFtRg,126121249,382925,0.3,13237,51583.3,2445,29,333,105,115,128
10011536,Mrs. GREEN APPLE,ナハトムジーク,Mrs. GREEN APPLE「ナハトムジーク」Official Music Video,Dsylo684yWA,34443583,253271,0.74,10459,49559.1,695,125,210,130,118,129
10010404,Novelbright,ツキミソウ,Novelbright - ツキミソウ [Official Music Video],WAMxwRtNrPY,107274585,432695,0.4,10055,58748.4,1826,37,316,134,101,130
10010635,BE:FIRST,Bye-Good-Bye,BE:FIRST / Bye-Good-Bye -Music Video-,w-5PdHUDHX0,41739641,210186,0.5,56239,30334.0,1376,108,290,17,174,131
10012596,Mrs. GREEN APPLE,familie,Mrs. GREEN APPLE「familie」Official Music Video,FYhxYcXfhYA,44601972,232598,0.52,8952,93114.8,479,100,285,148,60,132
10014240,BE:FIRST,夢中,BE:FIRST / 夢中 -Recording Video- (フジテレビ木曜劇場『波うららかに、めおと日和』主題歌),TpuNjlGbs6o,17662439,117548,0.67,15971,78850.2,224,193,234,88,79,133
10011280,millennium parade × 椎名 林檎,W●RK,ꉈꀧ꒒꒒ꁄꍈꍈꀧ꒦ꉈ ꉣꅔꎡꅔꁕꁄ × 椎名林檎 - Ｗ●ＲＫ,dYzgZVhiqmU,29258003,301524,1.03,7223,30100.8,972,138,122,163,175,134
10014373,なにわ男子,ギラギラサマー,なにわ男子 - ギラギラサマー [Official Music Video],LJOfZ-7FumQ,6244851,79942,1.28,16984,32356.7,193,277,75,80,169,135
10010386,DECO*27,ヒバナ,【Ado】ヒバナ 歌いました,EFsSYiNl2AQ,12030542,205583,1.71,3998,52080.3,231,234,41,215,114,136
10012497,MIMI,今はいいんだよ。,今はいいんだよ。 / MIMI【Covered by Kotoha】,PgCc3OMrS8c,39058083,297470,0.76,9228,37092.2,1053,114,197,144,150,137
10011290,Mrs. GREEN APPLE,Magic,Mrs. GREEN APPLE「Magic」Official Music Video,CN-Ja6jCweA,64408830,316395,0.49,9057,70623.7,912,77,294,146,88,138
10011028,結束バンド,星座になれたら,【LIVE映像】結束バンド「星座になれたら」LIVE at 秀華祭/ 「ぼっち・ざ・ろっく！」劇中曲,fJh5UeiULZs,27677950,300072,1.08,8461,25556.7,1083,145,117,151,194,139
10010389,DECO*27,ゴーストルール feat. 初音ミク,DECO*27 - ゴーストルール feat. 初音ミク,KushW6zvazM,54299421,468627,0.86,12750,14975.0,3626,89,167,110,246,140
10013090,Official髭男dism,Same Blue,Official髭男dism - Same Blue [Official Video],A7cp6OVa0Qc,24248733,170927,0.7,11260,55616.4,436,164,220,122,108,141
20010189,椎名 林檎,長く短い祭,椎名林檎 - 長く短い祭,3LVAmMxICoA,93947009,533365,0.57,13488,24840.6,3782,44,272,102,200,142
10011569,Aぇ! group,《A》BEGINNING,Aぇ! group「《A》BEGINNING」Official Music Video - Streaming Ver. -,aIXcSB9fSyo,13644432,119776,0.88,42138,22552.8,605,222,162,23,211,143
10010453,優里,ベテルギウス,優里『ベテルギウス』Official Music Video,cbqvxDTLMps,68043705,414017,0.61,7273,45851.6,1484,73,259,162,125,144
10011513,てれび戦士,ハローハロー,Snow Man「HELLO HELLO」Music Video YouTube Ver.,VpjkFGiRQO8,61862137,0,0.0,41136,37583.3,1646,79,368,26,148,145
10012822,jon-YAKITORY,山田PERFECT,"山田PERFECT / jon-YAKITORY, 初音ミク -YAMADA PERFECT / jon-YAKITORY, Hatsune Miku-",zGMftuCqLhk,14786485,190619,1.29,7999,28057.8,527,215,69,155,183,146
10011546,SPYAIR,オレンジ,SPYAIR『オレンジ』Music Video（『劇場版ハイキュー!! ゴミ捨て場の決戦』主題歌）,YkVjY1F-Eoc,53099908,312347,0.59,5544,80090.4,663,90,266,190,77,147
10011110,SixTONES,Imitation Rain,SixTONES - Imitation Rain [YouTube Ver.],pTh-ncw31ZA,65531820,0,0.0,111210,30074.3,2179,76,365,7,176,148
10011143,Eve,ぼくらの,ぼくらの (Bokurano) - Eve Music Video,exOi_zsOHwM,22174845,314297,1.42,6395,21697.5,1022,174,58,176,218,149
10014273,ano,ハッピーラッキーチャッピー,ano「ハッピーラッキーチャッピー 」× アニメ『タコピーの原罪』Collaboration Music Video,s7FgdaGOw9s,9304170,138795,1.49,3479,63727.2,146,253,54,223,97,150
10011349,乃木坂46,シンクロニシティ,乃木坂46 『シンクロニシティ』,f0wbnQw89J0,62351755,273068,0.44,34067,22213.0,2807,78,307,31,213,151
10013286,ずっと真夜中でいいのに。,TAIDADA,ずっと真夜中でいいのに。『TAIDADA』MV (ZUTOMAYO - TAIDADA)【ダンダダン MAD】,IeyCdm9WwXM,44235550,269687,0.61,3231,119233.3,371,104,257,229,40,152
10013712,AiScReam,愛♡スクリ～ム!,AiScReam『愛♡スクリ～ム！』Music Video,8Yy7Jzle338,3909803,149234,3.82,6294,37959.3,103,303,4,179,146,153
10010288,すとぷり,ギンギラ銀河,【妖怪ウォッチOP】ギンギラ銀河／すとぷり【ナユタン星人】,H_rd_qjk6sI,18507122,228909,1.24,18510,8481.7,2182,190,83,73,287,154
10015067,Aimer,太陽が昇らない世界,Aimer「太陽が昇らない世界」Music Video（『劇場版「鬼滅の刃」無限城編 』第一章 猗窩座再来』 主題歌）,DJOf0XtVpkI,14534201,127178,0.88,4678,103079.4,141,217,164,208,50,155
10011142,Snow Man,Ｗ,Snow Man「W」Music Video YouTube Ver.,_QnW6gWUDUU,44440249,0,0.0,21842,43740.4,1016,102,352,57,128,156
10011574,Da-iCE,I wonder,Da-iCE /「I wonder」Performance Video,RWfi_xJkuJg,55745184,210685,0.38,6635,92446.4,603,85,320,172,62,157
10011576,P丸様。,MOTTAI,【MV】MOTTAI／P丸様。,X96zX6Ahfko,26234067,312897,1.19,6579,20820.7,1260,153,92,174,223,158
10010936,日向電工,ブリキノダンス,【Ado】ブリキノダンス 歌いました,iL7uoLCbJoc,23380592,272183,1.16,4694,31425.5,744,169,97,206,171,159
10012459,Snow Man,BREAKOUT,Snow Man「BREAKOUT」Dance Practice,LBaeKssNPuE,22718980,156532,0.69,10167,45529.0,499,170,225,133,126,160
10011115,Ayase,幽霊東京,幽霊東京 / Ayase (self cover),DtBoAqkIJzI,39860022,403174,1.01,6163,18284.4,2180,112,128,182,232,161
10013185,King Gnu,ねっこ,King Gnu - ねっこ,jz8O2t2r8Gs,22266220,148668,0.67,8147,59376.6,375,173,233,154,100,162
10011499,HoneyWorks feat.かぴ,すきっちゅーの!,すきっちゅーの！feat. ちゅーたん（CV：早見沙織）／HoneyWorks,jOZSjMKuE1g,20957769,235838,1.13,6240,25189.6,832,178,106,180,196,163
10011271,リサイタルズ,888月~夏にも程がある~,リサイタルズ - ｢888月 〜夏にも程がある〜｣［Official Music Video］,rwgA7mVXcM0,15822178,181323,1.15,15106,12926.6,1224,207,103,95,256,164
10010466,松平健,マツケンサンバII,【公式】松平健「マツケンサンバⅡ」 MV,XazyhnymUQo,32266701,242847,0.75,15369,17758.2,1817,131,203,92,236,165
10011072,MY FIRST STORY,I'm a mess,MY FIRST STORY - I'm a mess (Audio),ma4lm5eAdvg,66143090,389418,0.59,5692,41031.7,1612,75,265,188,134,166
20010036,ななひら,POKÉDANCE,"Pokémon partners of different generations dancing ""POKÉDANCE"" Animation Music Video",vikINVCvqCE,54406474,471061,0.87,0,83190.3,654,88,166,338,74,167
10010726,Tani Yuuki,おかえり,おかえり - Tani Yuuki【MV】,0ZsP6MVjFIo,38070284,271283,0.71,6671,33720.4,1129,116,219,169,163,168
10011580,なにわ男子,NEW CLASSIC,"Selena Gomez, Drew Seeley - New Classic",phUU47nxgKY,30532423,364652,1.19,10764,5214.8,5855,135,91,127,318,169
10014900,Official髭男dism,らしさ,Official髭男dism - らしさ [Official Video],keOnleW2eak,7573466,74855,0.99,5139,73528.8,103,264,135,198,85,170
10013549,FRUITS ZIPPER,かがみ,【MV】FRUITS ZIPPER「かがみ」,IU3AvcU4mjs,14838395,119627,0.81,7324,47106.0,315,214,186,161,121,171
10013679,なにわ男子,Doki it,なにわ男子 – Doki it [Official Music Video],Oh7Sin6hTpc,5470920,69546,1.27,17908,17479.0,313,290,77,78,238,172
10011765,=LOVE,絶対アイドル辞めないで,＝LOVE（イコールラブ）/ 17th Single『絶対アイドル辞めないで』【MV full】,17NBPoc78oM,20065627,123643,0.62,13992,37366.2,537,182,254,99,149,173
10011177,MIMI,ハナタバ,『 ハナタバ 』/ MIMI feat. 可不,7xht3kQO_TM,24710387,256052,1.04,5433,22082.6,1119,161,121,194,214,174
10012854,FRUITS ZIPPER,フルーツバスケット,【3D】11人でなんでもフルーツバスケットで遊んでみた！ #にじフルーツバスケット 【にじさんじ】,aEEN0FMMZWE,332421,20141,6.06,263,332421.0,1,365,2,318,6,175
10011964,紫 今,魔性の女A,紫 今 - 魔性の女A / Mulasaki Ima - femme fatale A (MUSIC VIDEO),d0QFalAKRNM,16861794,224727,1.33,2620,29022.0,581,202,66,245,178,176
10011479,YOASOBI,BIRI-BIRI,YOASOBI「Biri-Biri」 Official Music Video,shZyg5VFI1Y,35497072,427476,1.2,0,47078.3,754,120,90,363,122,177
10011156,YOASOBI,アドベンチャー,YOASOBI「アドベンチャー」Official Music Video,Av3xaZkVpJs,35335889,253506,0.72,4789,35090.3,1007,121,217,205,157,178
10012496,すとぷり,誓いの花束を～With You～,【MV】誓いの花束を～With You～／すとぷり【HoneyWorks】,-LZJKbYIiCo,6819588,130671,1.92,9846,12399.3,550,272,31,140,257,179
10011598,なにわ男子,Alpha,なにわ男子 - Alpha [Official Music Video],Olr7YwLu3kQ,14986965,111493,0.74,15422,25662.6,584,213,207,91,193,180
10014141,超ときめき♡宣伝部,超最強,超ときめき♡宣伝部 /「超最強」Music Video,Yeahpo-0Ub4,12607824,95498,0.76,5522,72458.8,174,227,200,192,86,181
10011319,星野 源,不思議,星野源 – 不思議 (Official Video),ilnLczvLGAY,45997680,260219,0.57,8733,27776.4,1656,99,274,150,185,182
10014244,STPR Creators,STAR to STPR,【MV】STAR to STPR ／ STPR Creators,AJeElzV6Bbo,3505677,62136,1.77,12959,13694.1,256,313,39,106,251,183
10013515,ピノキオピー,超主人公,ピノキオピー - 超主人公 feat. 初音ミク / Super Superhero,thmR2SmkeDU,7541968,137499,1.82,4432,25056.4,301,266,35,212,197,184
10012498,なにわ男子,コイスルヒカリ,なにわ男子 - コイスルヒカリ [Official Music Video],Za9xAlR6-W8,7957438,79418,1.0,18137,15695.1,507,260,131,76,243,185
10010773,Mr.Children,HANABI,Mr.Children 「HANABI」 MUSIC VIDEO,EXxaBXKjl6Q,110063286,251859,0.23,10372,24031.3,4580,35,342,131,205,186
10013484,MISAMO,BOUQUET,MOMO SANA MINA from TWICE「Bouquet」 Making Music Video（short ver.）,c64_lZErcOQ,6645708,237682,3.58,10014,6317.2,1052,274,5,136,303,187
10013353,STPR Creators,PEACE,【MV】PEACE - 2025ver. ／ STPR Creators 【すとぷり/騎士A/AMPTAK/めておら】,uDjJ8knTOKs,3614999,66260,1.83,11117,13388.9,270,310,33,124,253,188
10013349,幾田りら,百花繚乱,幾田りら「百花繚乱」 Official Music Video,3Fz17pPuI4k,11383557,143577,1.26,1943,40801.3,279,242,80,265,137,189
20010089,ヤバイTシャツ屋さん,ハッピーウェディング前ソング,ヤバイTシャツ屋さん - 「ハッピーウェディング前ソング」Music Video,lVIHyj9qVy0,41811715,276631,0.66,10015,13886.3,3011,107,237,135,250,190
10010280,ゴールデンボンバー,女々しくて,ゴールデンボンバー「女々しくて」MV,BC9P3DSZu0A,24767867,212489,0.86,9991,11794.2,2100,160,169,137,263,191
20010039,しまじろう,ハッピー・ジャムジャム,JO1｜'ハッピー・ジャムジャム(JO1 ver.)' - JO1 5th Anniversary 〜祭り〜 (EffectMan VER.),ocnS2fWQ8_Q,84624,12732,15.05,1238,84624.0,1,370,1,290,71,192
10015198,King Gnu,SO BAD,King Gnu - SO BAD,d4st4aEjQ28,12057315,72900,0.6,3474,191386.0,63,233,261,224,18,193
10012691,Mega Shinnosuke,愛とU,Mega Shinnosuke - 愛とU(Official Music Video),NY1TyFUhbMA,18785952,185473,0.99,2314,34724.5,541,186,136,256,159,194
10012425,シカ部,シカ色デイズ,シカ色デイズ,fxPcJTU-A8U,25568756,285838,1.12,0,48888.6,523,155,110,354,119,195
10010901,ポルノグラフィティ,サウダージ,ポルノグラフィティ『サウダージ』MUSIC VIDEO,lzsB4eKPdJI,35530083,272576,0.77,4397,22775.7,1560,119,196,213,210,196
10013451,ヨルシカ,アポリア,ヨルシカ - アポリア（OFFICIAL VIDEO）,fhTFysCtF6g,16224585,145431,0.9,3098,37731.6,430,205,156,231,147,197
10014410,Mrs. GREEN APPLE,Carrying Happiness,Carrying Happiness,YFk3oSwbXOY,12819529,95951,0.75,2657,87805.0,146,226,205,241,68,198
10011897,しなこ,しなこワールド,【MV】しなこワールド🌷💜 /  あぃりDX・しなこ,t9aH2sZJpP8,41655687,107161,0.26,4939,64985.5,641,109,340,200,93,199
10014870,ねぐせ。,織姫とBABY feat. 汐れいら,ねぐせ。「織姫とBABY feat. 汐れいら」Official Music Video,RyviHjvLIao,15465146,117126,0.76,1930,89393.9,173,210,201,267,65,200
10011039,DECO*27,弱虫モンブラン,DECO*27 - 弱虫モンブラン (Reloaded) feat. 初音ミク,euRzG6zmEb8,4257484,138199,3.25,4871,17665.9,241,300,7,203,237,201
10012953,『ユイカ』,すないぱー。,すないぱー。 / 『ユイカ』【MV】,nvQN56D8RYo,15228011,146883,0.96,4922,25986.4,586,212,141,202,192,202
20010026,Number_i,GOAT,GOAT – New Trailer (HD),ggZA2oi8S5s,27220162,44151,0.16,2447,1701260.1,16,149,345,253,1,203
10013518,いきものがかり,気まぐれロマンティック,いきものがかり 『気まぐれロマンティック』Music Video,5XCSt_0lwOE,26519169,214057,0.81,7155,13676.7,1939,151,185,164,252,204
10011503,LE SSERAFIM,Jewelry(Prod. imase),LE SSERAFIM (르세라핌) 'Jewelry (Prod. imase)' LIVE CLIP,Raf9odbiu8g,10098767,184119,1.82,4639,11674.9,865,247,34,209,264,205
10010315,sasakure.‌UK,トンデモワンダーズ,トンデモワンダーズ / ワンダーランズ×ショウタイム × KAITO,ZfVWqos23xs,11520727,220469,1.91,4539,10097.0,1141,241,32,211,272,206
10013290,Ado,桜日和とタイムマシン with 初音ミク,【Ado】 桜日和とタイムマシン with 初音ミク,nIWZfhpnq6M,5904444,155624,2.64,4390,14261.9,414,286,12,214,249,207
10012855,B小町,POP IN 2,POP IN 2,QgxYScXawEE,25008006,222754,0.89,0,58158.2,430,156,157,347,102,208
10011279,ヨルシカ,斜陽,ヨルシカ - 斜陽（OFFICIAL VIDEO）,bqigIHMComE,23666206,192233,0.81,3539,24990.7,947,167,182,220,198,209
10011532,超ときめき♡宣伝部,すきっ！,超ときめき♡宣伝部 / すきっ！〜超ver〜 MUSIC VIDEO,5OSrxVXI8wo,7353569,204419,2.78,6760,4657.1,1579,269,10,168,322,210
10011427,INI,HERO,HERO / 初音ミク,o4AxMk3SGUY,7607012,207268,2.72,4629,8490.0,896,263,11,210,286,211
10013285,NiziU,AlwayS,Isak Danielson - Always (official video),YZdyIgst-S4,23895120,237079,0.99,5580,8850.0,2700,165,134,189,283,212
10013152,FANTASTICS from EXILE TRIBE,Got Boost？,【Music Video】Got Boost？(Artist Only Ver.) / FANTASTICS,auKBDWu9eAA,10077348,57158,0.57,22636,24282.8,415,248,273,55,202,213
10011575,KAMIGATA BOYZ,無責任でええじゃないかLOVE,KAMIGATA BOYZ - 無責任でええじゃないかLOVE [Official Music Video],I-xwDWfGIc4,19894678,0,0.0,20874,33834.5,588,184,373,65,161,214
20010002,大塚 愛,さくらんぼ,大塚 愛 / さくらんぼ,upODO6OuOOk,34791603,198711,0.57,12398,9114.9,3817,124,269,112,280,215
10014075,いずれ菖蒲か杜若,どきどきキュン！で大暴走♡,【MV】どきどきキュン!で大暴走♡ / いずれ菖蒲か杜若,9P3kxfons2E,8926562,115001,1.29,1989,25359.6,352,256,72,263,195,216
10011127,indigo la End,名前は片想い,indigo la End「名前は片想い」,aqoeNOw4_uQ,20462575,200907,0.98,2580,19488.2,1050,179,137,246,225,217
10011533,超ときめき♡宣伝部,最上級にかわいいの！,超ときめき♡宣伝部 / 「最上級にかわいいの！」Music Video,Y4KjiTGBggw,21260450,125847,0.59,5538,35434.1,600,177,264,191,155,218
10012062,すとぷり,ぴゅあぴゅあいちご,【MV】ぴゅあぴゅあいちご／すとぷり【HoneyWorks】,-FHrSNYCAcM,6112530,109582,1.79,5249,9610.9,636,281,36,196,275,219
10012821,コレサワ,元彼女のみなさまへ,コレサワ「元彼女のみなさまへ」【Lyric Video】,B36u-tuublE,18508864,133540,0.72,2495,39975.9,463,189,216,249,140,220
10014077,幾田 りら,恋風,幾田りら「恋風」 Official Music Video,bWlknrhWjVw,13999077,97262,0.69,1758,75670.7,185,219,223,274,83,221
10011559,FRUITS ZIPPER,NEW KAWAII,【MV】FRUITS ZIPPER「NEW KAWAII」,7Am9TCA3WrA,24268820,118122,0.49,5217,39206.5,619,163,297,197,143,222
10014242,ROF-MAO,Bring it on,ROF-MAO - Bring it on,8xZREULMjVM,24377213,0,0.0,6217,48271.7,505,162,351,181,120,223
10013184,Vaundy,風神,風神 / Vaundy (TBS系金曜ドラマ『ライオンの隠れ家』主題歌) / Vaundy：MUSIC VIDEO,yiU0I0tvt6s,26463337,114589,0.43,2033,65341.6,405,152,310,262,92,224
10012856,ano,許婚っきゅん,ano「許婚っきゅん」Music Video,kcdSjvUBrDA,8488146,100131,1.18,2640,19878.6,427,257,93,242,224,225
10012595,Mrs. GREEN APPLE,アポロドロス,Mrs. GREEN APPLE「アポロドロス」Official Lyric Video,dOR5-Y80CUA,9353651,103626,1.11,3602,17782.6,526,252,113,218,235,226
10011593,tuki.,サクラキミワタシ,tuki.『サクラキミワタシ』Official Music Video,rpVvPAFaoqM,17462632,130070,0.74,3243,26378.6,662,196,206,228,188,227
10013087,B小町,我ら完全無敵のアイドル!!,B小町「我ら完全無敵のアイドル!!」ライブパフォーマンス映像,s9-RcVcxeAQ,7108633,83045,1.17,3599,16925.3,420,271,95,219,239,228
10011571,aiko,相思相愛,aiko-『相思相愛』music video,VmSNNOTB_FE,24848519,0,0.0,6629,41004.2,606,159,359,173,135,229
10013217,YOASOBI,New me,YOASOBI「New me」Official Music Video,HRlW6yZo6Kc,5737757,115518,2.01,1774,15260.0,376,288,24,271,244,230
10013187,莉犬,へんしん！,【MV】へんしん!／莉犬【村井の恋OP】,1XZ_t2xtWMk,2522543,56295,2.23,6411,6122.7,412,330,21,175,304,231
10010523,みきとP,少女レイ feat. 初音ミク,少女レイ / MORE MORE JUMP！ × 初音ミク,3VT85q-E-UU,9353897,146550,1.57,2762,7525.3,1243,251,48,239,294,232
10013020,DECO*27,ネバーランド,DECO*27 - ネバーランド feat. 初音ミク,48Csilkjev0,4392515,103131,2.35,2477,10458.4,420,299,17,250,270,233
10011543,femme fatale,だいしきゅーだいしゅき,femme fatale「だいしきゅーだいしゅき」Music Video,Uywq8FzxWiU,11579284,163270,1.41,2417,8403.0,1378,240,59,254,288,234
20010031,CHA-CHA,アンパンマンたいそう,アンパンマンたいそう （テレビサイズver.）［公式エンディングテーマ］,CaqHOvgAnO0,90771031,0,0.0,0,91318.9,994,45,370,368,64,235
10013224,Official髭男dism,50％,Official髭男dism - 50% [Official Video],Vv2n31gL85I,7969875,65603,0.82,5119,22450.4,355,259,178,199,212,236
10011416,シャイトープ,ランデヴー,ランデヴー,OGrGg8TvEjU,38722702,187745,0.48,358,46430.1,834,115,300,314,123,237
10012592,緑黄色社会,恥ずかしいか青春は,緑黄色社会『恥ずかしいか青春は』Official Video / Ryokuoushoku Shakai – Hazukashiika Seishunwa,G9KznOYqyOg,17269321,106186,0.61,2749,33338.5,518,197,255,240,165,238
10010591,いれいす,恋の約束,【MV】恋の約束 -2025 ver.- / いれいす,37Ygo1fj43A,1089671,21672,1.99,2944,16764.2,65,355,26,236,240,239
10014669,=LOVE,超特急逃走中,＝LOVE（イコールラブ）/ 18th Single c/w『超特急逃走中』【MV full】,d20dEAtbL08,8157777,65273,0.8,3088,28424.3,287,258,189,234,180,240
10014405,てれび戦士,こたえあわせ,Kotaeawase,yx1-9AHAFfQ,6427469,64162,1.0,1296,32462.0,198,275,130,289,167,241
10012161,Mrs. GREEN APPLE,Dear,Mrs. GREEN APPLE – Dear【LIVE from ゼンジン未到とヴェルトラウム〜銘銘編〜】,sYMaoGflrug,17179831,88776,0.52,3335,36016.4,477,199,287,226,153,242
10012824,なとり&imase,メロドラマ,natori & imase - Melodrama,Ao29RaMxH98,6761911,92051,1.36,1390,14448.5,468,273,63,287,248,243
10015132,FRUITS ZIPPER,はちゃめちゃわちゃライフ！,【うたコン】はちゃめちゃわちゃライフ！ ／ FRUITS ZIPPER | NHK,HztLJEp5r7A,35424,838,2.37,0,35424.0,1,371,14,334,156,244
10010499,あいみょん,ハート,あいみょん - ハート【OFFICIAL MUSIC VIDEO】,ZSaTxMkEHas,31379855,172776,0.55,2632,21046.2,1491,132,277,244,222,245
10011633,ンバヂ,好きな惣菜発表ドラゴン,好きな惣菜発表ドラゴン / 重音テト,OnCFEo_pXaY,3869403,128627,3.32,2636,4515.1,857,305,6,243,324,246
10012626,Knight A -騎士A-,EDEN,【MV】EDEN／Knight A - 騎士A -,LmJDJn5L38Y,2596298,58594,2.26,4848,4154.1,625,328,20,204,327,247
20010088,すとぷり,はりーはりーらぶ,【MV】はりーはりーらぶっ／すとぷり,6gdbrAFwGCk,17240716,217946,1.26,690,7127.2,2419,198,78,307,297,248
20010032,ドリーミング・アンパン合唱団,サンサンたいそう,サンサンたいそう （テレビサイズver.）［公式エンディングテーマ］,y6lqPw8T9G4,77452962,0,0.0,0,77920.5,994,60,371,369,80,249
10012495,すとぷり,雨天決行,【MV】雨天決行／すとぷり,_jGlfq85PJA,3223814,41551,1.29,5748,5937.0,543,319,70,186,306,250
10013812,原宿ヒーローズ,コドモオトナヒーロー,【MV】コドモオトナヒーロー/しなこ・竹ぱら・リアピ(原宿ヒーローズ),rTOraeetj9w,13798610,41427,0.3,3519,54756.4,252,221,334,221,109,251
10013019,YOASOBI,モノトーン,YOASOBI「モノトーン」Official Music Video,sJ-2X3rHtXw,4629778,72683,1.57,1720,10594.5,437,295,47,276,268,252
10012755,めておら - Meteorites -,FIRST 1MPACT,【初オリジナル曲】FIRST 1MPACT / めておら【STPR新人歌い手グループ】【Meteorites】,tT3grNOdB8g,2242357,68171,3.04,3446,4595.0,488,335,8,225,323,253
10012959,しなこ,歯ラ歯ラ,【MV】歯ラ歯ラ🦷🪥✨,GTnMIACX6TM,17603509,55937,0.32,2915,41913.1,420,194,331,237,133,254
10012494,すとぷり,虹のはじまり,【MV】虹のはじまり／すとぷり【HoneyWorks】,bJvIcIVsgks,2313769,34989,1.51,5924,4316.7,536,333,51,185,326,255
10014411,Da-iCE,ノンフィクションズ,Da-iCE /「ノンフィクションズ」Music Video,6Moq0q8R5Vw,4218862,34720,0.82,2453,32452.8,130,301,179,252,168,256
10011596,Uru,アンビバレント,【Official】Uru 「アンビバレント」 TVアニメ『薬屋のひとりごと』第2クールOPテーマ,e_pdE__o5D8,18853201,117972,0.63,1519,27244.5,692,185,249,283,186,257
10012823,新しい学校のリーダーズ,CHANGE,ONE OK ROCK: Change [OFFICIAL VIDEO],z2ed0Tazw0E,9187097,113325,1.23,3095,3364.0,2731,254,84,232,334,258
10010590,井上あずみ,君をのせて,君をのせて 天空の城ラピュタ 井上あずみ,SEtbAEjanWo,34897344,130536,0.37,5335,11483.2,3039,123,321,195,265,259
20010008,平野 綾,GOD KNOWS…,God knows...,5QNaSMiZ_-o,52911030,234322,0.44,8,28693.6,1844,91,306,331,179,260
10013481,ナユタン星人,ダンスロボットダンス,ナユタン星人 - ダンスロボットダンス (ft.初音ミク) OFFICIAL MUSIC VIDEO,g7dvpD_zlIM,11650615,130460,1.12,2519,5462.1,2133,238,108,248,315,261
10013250,マルシィ,プレゼント,SEKAI NO OWARI「プレゼント」,q6Ylz-EhtDo,19903231,131859,0.66,6392,5478.5,3633,183,235,177,314,262
10013092,doriko,ロミオとシンデレラ,ロミオとシンデレラ  - doriko feat.初音ミク【official MV】,9HrOqmiEsN8,7894030,98046,1.24,1596,8617.9,916,261,82,282,285,263
10012593,優里,カーテンコール,カーテンコール,gpdh9AUzQjY,23538923,115918,0.49,135,46064.4,511,168,292,327,124,264
10010706,なにわ男子,ダイヤモンドスマイル,なにわ男子 - ダイヤモンドスマイル [Music Video Dance ver.],uQx7Lmb-dcg,26530199,0,0.0,6115,21429.9,1238,150,363,183,221,265
10013188,AMPTAKxCOLORS,うわーーー！！！！！！,【MV】うわーーー！！！！！！／AMPTAKxCOLORS【アンプタック】,XXXvtvj0MfQ,2556394,39831,1.56,3093,5931.3,431,329,49,233,307,266
10011140,Vaundy,Tokimeki,Tokimeki / Vaundy：MUSIC VIDEO,-_PKhPMXMDY,18380933,118250,0.64,2182,18604.2,988,191,241,258,230,267
10011241,なにわ男子,Poppin’ Hoppin’ Lovin’,なにわ男子 - Poppin' Hoppin' Lovin' [Official Music Video] YouTube ver.,8KXbNShp8rs,20128548,0,0.0,7714,21878.9,920,181,367,158,217,268
10010946,SEKAI NO OWARI,イルミネーション,B'z / イルミネーション,tFc6y7Dk66E,3894733,43564,1.12,2858,9986.5,390,304,109,238,273,269
10013352,いろはにほへっと あやふぶみ,雨トキメキ恋模様,【MV】雨トキメキ恋模様 / いろはにほへっと あやふぶみ,td0eO78wxSI,2231518,51935,2.33,1724,6641.4,336,336,18,275,300,270
10011493,マルシィ,ラブソング,[MV] LOVE SONG ('92 Ver.) / CHAGE and ASKA,_wvAzWIjKIg,32739069,108350,0.33,6343,7661.8,4273,130,330,178,293,271
10010912,フォーエイト48,ロミエット,【MV】フォーエイト48 -ロミエット (Official Music Video)/Lyric DECO*27,YpmTtHftd9k,7569153,70402,0.93,3865,5969.4,1268,265,150,217,305,272
20010221,Yunomi,インドア系ならトラックメイカー,インドア系ならトラックメイカー,114yuwqcQhM,13940900,155123,1.11,1087,5316.9,2622,220,112,293,316,273
10011158,ハマいく,ビート DE トーヒ,ハマいく - ビートDEトーヒ【MV】,ypCXPcKYS60,10202046,89759,0.88,1941,10583.0,964,246,160,266,269,274
10012689,冨岡 愛,恋する惑星「アナタ」,冨岡 愛 - 恋する惑星「アナタ」 (Music Video),RM1kn_U4Vt0,6189002,69592,1.12,1639,9278.9,667,278,107,279,279,275
10012293,キタニタツヤ,次回予告,次回予告 (Lyric Video) / キタニタツヤ - Preview of Me (Lyric Video) / Tatsuya Kitani,nAxSTbugJ_U,5974112,69691,1.17,1101,9729.8,614,283,96,292,274,276
10013483,ちゃんみな,NG,"NG - Showy. ver from Audition ""No No Girls"" -Performance Video-",iwzTHb_kjXk,7812338,58794,0.75,2061,21521.6,363,262,204,261,220,277
20010081,B’z,ultra soul,B’z / ultra soul【B'z LIVE-GYM Pleasure 2018 -HINOTORI-】,OxnzZqisYTg,12201555,55247,0.45,2113,36314.2,336,232,304,260,151,278
10011563,パジャマパーティーズ,パジャマパーティーズのうた,パジャマパーティーズのうた,LzzW_TBL558,9937630,124473,1.25,0,15079.9,659,250,81,371,245,279
10012557,DISH//,プランA,DISH// - プランA [Official Video]｜TVアニメ「逃げ上手の若君」 オープニングテーマ,l1HeItO98FI,11286970,74711,0.66,2167,21959.1,514,243,236,259,215,280
10012892,天乃 リリサ・橘 美花莉,WATCH ME,Watch Me,whQ9VcK0pIA,12213109,101502,0.83,0,24475.2,499,231,177,344,201,281
10012891,HoneyWorks,死ぬまでダーリン,死ぬまでダーリン feat. 望月あかり（CV：阿澄佳奈）／HoneyWorks,1GguL5dZd3M,2304544,56069,2.43,1605,4122.6,559,334,13,281,328,282
10010664,Whiteberry,夏祭り,Whiteberry「夏祭り」MUSIC VIDEO,AZRR01YOKcM,17464613,93665,0.54,3865,10820.7,1614,195,280,216,266,283
10013681,『ユイカ』,おくすり,おくすり / 『ユイカ』【MV】,-qSqMSsJ4AE,2935213,37821,1.29,1450,9499.1,309,325,71,285,277,284
10013417,AMPTAKxCOLORS,DOWN TOWN SWING,【MV】DOWN TOWN SWING ／AMPTAKxCOLORS【アンプタック】,hjtYICw0PFA,2973149,34608,1.16,3305,5546.9,536,323,98,227,312,285
10012326,TK from 凛として時雨,誰我為,TK from 凛として時雨 『誰我為』 Music Video（TVアニメ「僕のヒーローアカデミア」7期オープニング主題歌）,AbY-IVN4WcE,4819888,55248,1.15,1672,8324.5,579,294,101,278,289,286
10012624,Vaundy,ホムンクルス,ホムンクルス (『僕のヒーローアカデミア THE MOVIE ユアネクスト』主題歌) / Vaundy：MUSIC VIDEO,ZhUa0CumyxQ,13550771,71581,0.53,1681,26886.5,504,224,282,277,187,287
10011407,WEST.,証拠,"WEST. - 証拠 from WOWOW presents WEST. 10th Anniversary Live ""W""",WsZzYDa6XYE,1515179,32939,2.17,1807,3573.5,424,348,22,270,332,288
10011124,なにわ男子,青春ラプソディ,なにわ男子 - 青春ラプソディ [Official Music Video] YouTube ver.,q2ekMmjvOZI,16246816,0,0.0,7113,15788.9,1029,204,366,165,242,289
10013218,しなこ FEAT. 午前0時のプリンセス,マシュマロパンチ,【MV】 マシュマロパンチ‪👊🏻💗 / しなこfeat. 午前0時のプリンセス / あぃりDX,sd4LIb8pm8s,11775713,41282,0.35,2456,33453.7,352,236,329,251,164,290
10013156,星街すいせい,AWAKE,awake,-W8MBjTk2E8,7403794,114918,1.55,0,4662.3,1588,268,50,341,321,291
10011224,星乃夢奈,男の子のために可愛いわけじゃない！,男の子のために可愛いわけじゃない！／星乃夢奈【Official Music Video】,-lgHpWPtV4U,7121113,73387,1.03,1037,7303.7,975,270,123,295,295,292
10011831,FRUITS ZIPPER,ぴゅあいんざわーるど,【MV】FRUITS ZIPPER「ぴゅあいんざわーるど」,Mp7jBQmxEGM,10388016,64603,0.62,3207,12235.6,849,245,251,230,258,293
10013052,吉澤 嘉代子,月曜日戦争,吉澤嘉代子「月曜日戦争」MUSIC VIDEO,kh3H0M9bKo8,3769330,85417,2.27,871,1202.0,3136,307,19,300,362,294
10012693,AMPTAKxCOLORS,ぶんぶぶんぶぶん,【MV】ぶんぶぶんぶぶん／AMPTAKxCOLORS【アンプタック】,1DaaXdx37So,2514003,30679,1.22,3052,3134.7,802,331,86,235,336,295
10012559,しなこ,グミキュンプリンセス,【MV】グミキュンプリンセス🍬👸🏼🩷 / あぃりDX ・しなこ,Y744hKsXi4c,16162835,42353,0.26,1819,29227.5,553,206,339,269,177,296
10012526,KEYTALK,MONSTER DANCE,KEYTALK/「MONSTER DANCE」MUSIC VIDEO,N39glrfql0I,21473000,110259,0.51,3504,5269.4,4075,175,289,222,317,297
10010999,なにわ男子,ハッピーサプライズ,なにわ男子 - ハッピーサプライズ [Official Music Video] YouTube ver.,90FhT0I0g7w,13563255,0,0.0,7716,11876.8,1142,223,364,157,262,298
10010633,なにわ男子,The Answer,THE ANSWER - ChanMyae MgCho (OFFICIAL MUSIC VIDEO),ZQM7Iy9paj8,9938070,44510,0.45,1078,33016.8,301,249,305,294,166,299
10013516,『ユイカ』,僕らしさ,僕らしさ / 『ユイカ』【MV】,cXaU8gAbCRY,1685434,28762,1.71,646,3937.9,428,343,42,308,330,300
10011114,ハチワレ（CV：田中誠人）,ひとりごつ,ひとりごつ,8SoWzkMO1YQ,9177119,99529,1.08,0,7158.4,1282,255,116,358,296,301
10012955,AMPTAKxCOLORS,恋うらら,【MV】恋うらら／AMPTAKxCOLORS【アンプタック】,7sYWi7_gBsI,930618,14874,1.6,1920,1362.5,683,357,46,268,358,302
10012658,きゅるりんってしてみて,らぶきゅん♡うぉんてっど,「らぶきゅん♡うぉんてっど」MV/きゅるりんってしてみて,28HBkyA56Cw,5464976,50390,0.92,779,8688.4,629,291,152,303,284,303
10013418,Vaundy,走れSAKAMOTO,走れSAKAMOTO / Vaundy：MUSIC VIDEO,jbgG5tzgP9k,7464061,44316,0.59,794,24963.4,299,267,263,302,199,304
10011570,あいみょん,会いにいくのに,あいみょん – 会いに行くのに【OFFICIAL MUSIC VIDEO】,iqSspWjCA6s,10686771,51836,0.49,1983,18781.7,569,244,299,264,228,305
20010083,竹下☆ぱらだいす,派手髪でも出来るばい！,【MV】派手髪でも出来るばい！/竹下☆ぱらだいす,BEiDuHEc76I,11594668,56494,0.49,2526,13027.7,890,239,296,247,255,306
10012492,すとぷり,生まれたその時から,生まれたその時から,hdWov4QwjzM,433409,17279,3.99,452,779.5,556,364,3,311,364,307
10011565,むくえな,おやすみロマンス,おやすみロマンス / むくえな（Official Music Video）,kRC6jAgrT2I,582705,16447,2.82,818,475.7,1225,362,9,301,370,308
20010082,竹下☆ぱらだいす,とーちゃんの足ってなんでクサイの？,【MV】とーちゃんの足ってなんでクサイの？feat.しんのすけ＆ひろし/竹下☆ぱらだいす,OvLHBXodc78,14541353,34868,0.24,1455,23721.6,613,216,341,284,208,309
10011276,ゆず,夏色,ゆず『夏色』MUSIC VIDEO,hhDzDL9Y2Lo,6106742,48585,0.8,1393,6609.0,924,282,190,286,301,310
10010235,DISH//,猫,猫,1KgAear9rao,28332380,60162,0.21,269,10631.3,2665,142,344,317,267,311
10013155,超ときめき♡宣伝部,こんなあたしはいかがですか,超ときめき♡宣伝部 / 「こんなあたしはいかがですか」Music Video,9x-EEsp9MwI,2887492,24210,0.84,1765,6891.4,419,326,173,273,299,312
20010086,「おかあさんといっしょ」より,からだ☆ダンダン,「からだ☆ダンダン」♪スペステ2023から,9rNtzlwzWhw,16815543,0,0.0,0,33834.1,497,203,358,349,162,313
10013287,asmi,こっち向いてほい,こっち向いてほい - asmi (Official Music Video),JYgWfE10Pt0,608899,10810,1.78,172,1602.4,380,361,38,324,356,314
10012128,Girls2 x iScream,D.N.A.,DNA.,ue4xoNqdc2I,1718675,25783,1.5,183,637.7,2695,342,52,321,368,315
10013288,フォーエイト48,えびぞりターン!,【MV】フォーエイト48 – えびぞりターン！（Official Music Video）,lhjSMaV18Is,638715,9152,1.43,473,1485.4,430,360,57,310,357,316
10011549,緑黄色社会,Party!!,緑黄色社会『Party!!』Official Video / Ryokuoushoku Shakai – Party!!,7-h8UA7fFmg,5962439,40679,0.68,997,9061.5,658,284,227,296,281,317
10012493,きゅるりんってしてみて,きゅるりんしてみて,きゅるりんってしてみて「きゅるりんしてみて」本人たちが踊ってみた,sMX2Kqq4h6s,6167660,44831,0.73,696,8223.5,750,279,214,306,290,318
10011488,yama×ぼっちぼろまる,ハロ,【複合MAD】ハロ,xesQ3qZLk1Y,27430,645,2.35,28,123.0,223,372,16,330,372,319
10013221,緑黄色社会,僕らはいきものだから,緑黄色社会『僕らはいきものだから』Official Video / Ryokuoushoku Shakai – Bokurawa Ikimonodakara,h5uP8eqKah8,3611776,29592,0.82,580,8062.0,448,311,180,309,292,320
10014505,Wienners,WINNER！ゴジュウジャー！,みんなで踊ろう！　WINNER！ゴジュウジャー！,-mpJoVUCdmY,3480595,20952,0.6,1773,12212.6,285,314,262,272,259,321
10011666,超特急,Steal a Kiss,超特急「Steal a Kiss」MUSIC VIDEO,1maL_bJe5u8,6154069,26784,0.44,2360,10188.9,604,280,309,255,271,322
10011541,Creepy Nuts,二度寝,二度寝 - Nidone,ajejsaWPf0E,12429874,36835,0.3,181,18145.8,685,229,335,322,233,323
10011361,IMP.,CRUISIN',Cruisin' (Single Edit),Vq5bO1U0jtQ,3943698,38502,0.98,198,1222.9,3225,302,139,320,361,324
10014537,HANA,Blue Jeans,Blue Jeans,9p15MdpVAO0,1754898,17230,0.98,144,4476.8,392,341,138,325,325,325
10013219,緑黄色社会,馬鹿の一つ覚え,緑黄色社会『馬鹿の一つ覚え』Official Video / Ryokuoushoku Shakai – Bakano Hitotsuoboe,oowSgjv49vk,3729016,25066,0.67,426,9512.8,392,309,232,312,276,326
10011554,MAHO堂,おジャ魔女カーニバル!!,おジャ魔女カーニバル!!,_mN4xKRRUkg,11693469,54182,0.46,0,18531.6,631,237,302,359,231,327
10014409,キュアアイドル(CV：松岡美里)&キュアウインク(CV：髙橋ミナミ)&キュアキュンキュン(CV：高森奈津美)&キュアズキューン(CV：南條愛乃)&キュアキッス(CV：花井美春）,キミとルララ,「キミとアイドルプリキュア♪」後期エンディング主題歌「キミとルララ」(ノンテロップver),UqfS7TaV7xo,1933021,14699,0.76,0,12157.4,159,338,198,335,261,328
10011535,コレサワ,♡人生♡,コレサワ「♡人生♡」【Lyric Video】,WNISLPMUz1E,3406006,26774,0.79,340,5734.0,594,316,192,315,309,329
20010087,「おかあさんといっしょ」より,だんご3兄弟,だんご３兄弟（おかあさんといっしょ）　歌：NEUTRINO（歌詞付き）,xTwgS1V_8zQ,18557480,20494,0.11,0,13133.4,1413,188,347,348,254,330
10011592,緑黄色社会,始まりの歌,緑黄色社会『始まりの歌』Official Video / Ryokuoushoku Shakai – Hajimarino Uta,cjf9c6TwH6o,5827527,39744,0.68,1348,1887.8,3087,287,228,288,351,331
10011402,ストロベリー・フラワー,愛のうた,倖田來未-KODA KUMI-『愛のうた（album version）』～ 20th Year Special Full Ver. ～,JiWEZbm6lhI,12393784,43644,0.35,1140,5783.4,2143,230,328,291,308,332
10011428,INI,New Day,G-k.i.d - NEW DAY [Official Music Video],__L6bFKwDSg,1098144,9666,0.88,362,3709.9,296,354,159,313,331,333
20010040,ハムちゃんず,ハム太郎とっとこうた,【アニメ】「ハム太郎とっとこうた」　（歌：ハムちゃんず）【公式】とっとこハム太郎のオープニングテーマ曲　その１,Lg96zmH7D7w,3455819,25202,0.73,913,2284.1,1513,315,212,298,346,334
10012957,ざらめ,六等星,六等星,5Y-2neQjQLw,3257406,22209,0.68,177,6374.6,511,318,229,323,302,335
10011502,BACK-ON,CHEMY×STORY,CHEMY×STORY （『仮面ライダーガッチャード』主題歌）,WzWsiCSCNMo,5183806,26752,0.52,761,7062.4,734,293,288,304,298,336
10011551,杉本 竜一,Believe,【合唱曲】Believe / 歌詞付き【9/200】,1eSxTnMcTMs,4445951,26033,0.59,1615,2500.5,1778,298,267,280,341,337
10013350,MYERA,Lie ライ Lie ライ,MYERA “Lie ライ Lie ライ” Official MusicVideo,TUY3F-59ctw,3214611,0,0.0,2245,9317.7,345,320,354,257,278,338
10013122,DISH//,朝、月面も笑っている,DISH// - 朝、月面も笑っている [Official Video]｜フジテレビ系「めざましテレビ」テーマソング,LFG_iqpGMss,3044843,16546,0.54,758,5628.2,541,322,278,305,311,339
20010078,大野克夫バンド,「名探偵コナン」メイン・テーマ,コナンBGM No 1　「名探偵コナン　メイン･テーマ」,1XWe2MBaLRI,3315301,21213,0.64,982,740.4,4478,317,242,297,366,340
10012661,赤血球(CV:花澤香菜)・白血球(CV:前野智昭),ミッション!健・康・第・イチ,ミッション！ 健・康・第・イチ,oUvD1aGDycM,535360,4686,0.88,0,1852.5,289,363,163,345,353,341
20010004,広告用,広告用,途中広告なし【Playlist】あなたらしく始める朝 | 作業用BGM | Chill & Relax,tZ-UBQGXsKI,16429,129,0.79,4,3285.8,5,373,193,332,335,342
10013582,キュアアイドル(CV：松岡美里)＆キュアウインク(CV：髙橋ミナミ)＆キュアキュンキュン(CV：高森奈津美),Trio Dreams,Trio Dreams,vcmMasgssFg,1160825,7305,0.63,0,5025.2,231,352,248,336,319,343
10013482,Omoinotake,ラストノート,Omoinotake | ラストノート 【Official Music Video】,s5nnCiI78FI,1790655,9325,0.52,271,4762.4,376,340,286,316,320,344
10011346,古川 貴之,全力キング,全力キング,e1cdEpR8OIs,5531401,22884,0.41,0,5632.8,982,289,312,361,310,345
20010030,大原 ゆい子,えがおのまほう,大原ゆい子「えがおのまほう」ミュージックビデオ　DANCE ver.／TVアニメ『はなかっぱ』新OPテーマ,PYGUHpDenlg,13440252,0,0.0,0,5492.5,2447,225,369,367,313,346
20010035,ケツメイシ,スーパースター,Super Star Ni Nattara,T0jZGhaaYYk,5936278,22001,0.37,130,2379.3,2495,285,323,328,343,347
10013220,Giga & TeddyLoid meets 松田莉奈&森田ひかる,ピッカーン!,【公式】アニメ「ポケットモンスター レックウザ ライジング」エンディングテーマ「ピッカーン！」,iKuLBnTU1dE,3828354,0,0.0,0,8965.7,427,306,355,340,282,348
20010021,Little Glee Monster,世界はあなたに笑いかけている,世界はあなたに笑いかけている,dKKcSFWZ_vY,5461327,20337,0.37,104,2075.0,2632,292,322,329,347,349
10011590,合唱,この地球のどこかで,【合唱】この地球のどこかで (歌詞付き),rzym4THJtcI,2328991,11328,0.49,882,830.0,2806,332,298,299,363,350
10013581,石井あみ・熊田茜音・吉武千颯,キミとアイドルプリキュア♪ Light Up!,キミとアイドルプリキュア♪ Light Up！,a2OEqn586AU,940914,5344,0.57,0,4073.2,231,356,271,337,329,351
10012887,ZEROBASEONE,Only One Story,【公式】アニメ「ポケットモンスター レックウザ ライジング」オープニングテーマ「Only One Story」,tsBmIw4OuSs,3510736,0,0.0,0,8221.9,427,312,356,343,291,352
10011553,赤い鳥,翼をください,翼をください（混声三部合唱）　歌：AIきりたん、AI謡子（歌詞付き）,XTuJKMdxWe8,4547479,19634,0.43,0,2383.4,1908,297,311,365,342,353
10010647,After the Rain (そらる×まふまふ),１・２・３,１・２・３,AqnNLbK9rrc,2606067,13790,0.53,0,1906.4,1367,327,281,360,349,354
10013088,深澤 恵梨香,HAPPY≒FUTURE,Happy≒Future,Z4UX7UMU1LU,288520,1839,0.64,0,674.1,428,367,243,342,367,355
10012662,赤血球(CV:花澤香菜)・白血球(CV:前野智昭) 他,GO!GO!細胞フェスタ,GO!GO!細胞フェスタ,spGg6e2GUR4,331088,2033,0.61,0,204.9,1616,366,256,339,371,356
10011509,吉武千颯,わんだふるぷりきゅあ!EVOLUTION!!,わんだふるぷりきゅあ！evolution!!,iQxl-nohiqA,1683876,8280,0.49,0,2830.0,595,344,293,357,338,357
20010037,宝塚少年少女合唱団,世界中のこどもたちが,♪世界中のこどもたちが - 世界中のこどもたちが いちどに 笑ったら〜♪〈振り付き〉,Y70WHbXJ8-k,6248362,6686,0.11,0,2587.3,2415,276,348,372,340,358
20010028,『おかあさんといっしょ』,ぼよよん行進曲,♪ぼよよん行進曲 - どんなたいへんな ことがおきたって〜🎵〈振り付き〉（NHK Eテレ「おかあさんといっしょ」より）,O5Ht4CMkYG4,2943578,8115,0.28,144,1902.8,1547,324,338,326,350,359
10011798,CANDY TUNE,キス・ミー・パティシエ,キス・ミー・パティシエ,HFC-Zrfsab4,124259,707,0.57,3,519.9,239,369,270,333,369,360
10011588,ブンドリオ・ブンデラス(CV:松本 梨香),コツコツ-PON-PON,コツコツ-PON-PON,irB0C3g_NyQ,2132939,7901,0.37,0,3451.4,618,337,324,351,333,361
20010013,コロムビア・オーケストラ,プリキュア5、スマイル go go!,プリキュア5、スマイル go go！,tAk0D14F_UM,1553531,8603,0.55,0,755.2,2057,346,276,362,365,362
10012392,石井あみ＆後本萌葉,しあわせえぼりゅ～しょん♡,しあわせえぼりゅ～しょん♡ ～こむぎ＆いろはVer.～,DRi7GdbkOBI,794820,4150,0.52,0,1774.2,448,359,284,355,354,363
10011510,⽯井あみ＆後本萌葉,FUN☆FUN☆わんだふるDAYS!,FUN☆FUN☆わんだふるDAYS！,1ikx1Dkf_Us,1143436,5496,0.48,0,1921.7,595,353,301,356,348,364
20010075,坂田 おさむ,にじのむこうに,にじのむこうに（おかあさんといっしょ）／坂田おさむ＆坂田めぐみ,N1DZ0GCgIhA,1335178,4204,0.31,203,1291.3,1034,350,332,319,360,365
20010077,「おかあさんといっしょ」より,きんらきらぽん,きんらきらぽん（新エンディング）NHK Eテレおかあさんといっしょ,VodLbh7S734,3115463,3273,0.11,0,2331.9,1336,321,349,350,344,366
20010033,ドリーミング・アンパン合唱団,勇気りんりん,勇気りんりん,dB9WAlAdP9w,1407121,4115,0.29,0,2943.8,478,349,337,370,337,367
20010027,由紀 さおり・安田 祥子,手のひらを太陽に,【♪うたアニメ】手のひらを太陽に〈うた：いっちー＆なる〉ぼくらはみんな　生きている〜♪【童謡・こどものうた】,7vsl87kKdFM,1804786,2627,0.15,0,2287.4,789,339,346,364,345,368
20010076,『おかあさんといっしょ』,ドンスカパンパンおうえんだん,♪ドンスカパンパンおうえんだん〈振り付き〉ドンスカドン　ドンスカドン　ドンスカドンスカ　ドンドンドン～♪【おかあさんといっしょ・おかいつ】,BroJdJsFC6Y,1556830,1389,0.09,0,1855.6,839,345,350,352,352,369
20010041,『おかあさんといっしょ』ファンターネ!OP,ファンターネ!,「 ファンターネOP～ファン ファン ファン！」♪スペステ2022から,8yJffvClwuY,1294145,0,0.0,0,2619.7,494,351,360,353,339,370
20010029,山内 惠介,イチカバチカ,TVアニメ「はなかっぱ」EDテーマ「イチカバチカ」映像,hyNymq0bLmc,1520064,3446,0.23,0,1681.5,904,347,343,366,355,371
10012594,9Lana,Let me battle,【公式】アニメ「ポケットモンスター　テラスタルデビュー」エンディングテーマ「Let me battle」,Pq3RedHvV-A,821686,0,0.0,0,1349.2,609,358,357,346,359,372
10011591,合唱,たいようのサンバ,たいようのサンバ,5JMCv6Q8OEM,177738,733,0.41,0,65.5,2712,368,313,373,373,373
